LSOA11CD,imd_score,imd_decile
E01000001,6.208,9
E01000002,5.143,10
E01000003,19.402,5
E01000005,28.652,3
E01032739,13.584,7
E01032740,15.841,6
E01000006,19.837,5
E01000007,31.576,3
E01000008,37.596,2
E01000009,32.844,3
E01000010,32.437,3
E01000011,30.679,3
E01000012,34.714,2
E01000013,38.997,2
E01000014,35.67,2
E01000015,33.632,2
E01000016,32.839,3
E01000017,39.004,2
E01000018,33.406,2
E01000019,33.62,2
E01000020,36.035,2
E01000021,38.888,2
E01000022,34.413,2
E01000023,36.877,2
E01000024,29.339,3
E01000025,36.702,2
E01000027,37.347,2
E01000028,40.078,2
E01000029,22.503,4
E01000030,38.415,2
E01000031,22.672,4
E01000032,29.958,3
E01000033,37.978,2
E01000034,35.895,2
E01000035,26.175,4
E01000036,19.27,5
E01000037,17.988,5
E01000038,19.646,5
E01000039,22.288,4
E01000040,34.608,2
E01000041,33.173,3
E01000042,41.573,2
E01000043,28.075,3
E01000044,28.389,3
E01000045,35.688,2
E01000046,29.763,3
E01000048,44.704,1
E01000049,41.172,2
E01000050,34.701,2
E01000051,36.941,2
E01000052,33.284,2
E01000053,40.044,2
E01000054,29.788,3
E01000055,30.898,3
E01000056,35.903,2
E01000057,32.887,3
E01000058,31.763,3
E01000059,32.331,3
E01000060,36.154,2
E01000061,46.283,1
E01000062,26.669,3
E01000063,33.371,2
E01000064,35.283,2
E01000065,39.89,2
E01000066,25.763,4
E01000067,20.973,5
E01000068,25.603,4
E01000069,16.375,6
E01000070,21.038,5
E01000071,18.848,5
E01000072,41.016,2
E01000073,38.757,2
E01000074,35.044,2
E01000075,36.999,2
E01000076,36.246,2
E01000077,41.032,2
E01000078,35.033,2
E01000079,34.522,2
E01000080,33.185,3
E01000081,30.608,3
E01000082,27.895,3
E01000083,34.377,2
E01000084,39.815,2
E01000085,35.154,2
E01000086,38.156,2
E01000087,34.357,2
E01000088,28.849,3
E01000089,28.968,3
E01000090,28.317,3
E01000091,42.183,2
E01000092,33.768,2
E01000093,46.922,1
E01000094,28.182,3
E01000095,32.254,3
E01000096,40.926,2
E01000097,38.009,2
E01000098,39.405,2
E01000099,29.266,3
E01000100,31.83,3
E01000101,40.463,2
E01000102,42.631,2
E01000103,32.894,3
E01000104,34.672,2
E01000105,44.149,1
E01000106,43.523,2
E01000107,28.332,3
E01000108,28.166,3
E01000109,25.691,4
E01000110,17.741,5
E01000111,28.903,3
E01000112,24.743,4
E01000113,25.268,4
E01000114,23.288,4
E01032580,34.123,2
E01033587,35.019,2
E01033588,35.248,2
E01000115,6.227,9
E01000116,7.79,9
E01000117,9.642,8
E01000118,9.812,8
E01000119,11.589,7
E01000120,5.902,10
E01000121,36.203,2
E01000122,10.152,8
E01000123,11.048,8
E01000124,23.589,4
E01000125,26.704,3
E01000126,33.625,2
E01000127,27.543,3
E01000128,27.055,3
E01000129,31.0,3
E01000130,30.863,3
E01000131,20.904,5
E01000132,25.53,4
E01000133,30.774,3
E01000134,24.669,4
E01000135,12.523,7
E01000136,8.96,8
E01000137,28.786,3
E01000138,27.86,3
E01000139,12.388,7
E01000140,16.817,6
E01000141,28.797,3
E01000142,16.669,6
E01000143,31.342,3
E01000144,18.338,5
E01000145,14.626,6
E01000146,18.538,5
E01000147,12.786,7
E01000148,27.671,3
E01000150,15.583,6
E01000151,38.897,2
E01000152,32.418,3
E01000153,41.649,2
E01000154,32.667,3
E01000155,20.797,5
E01000156,8.319,9
E01000157,12.655,7
E01000158,19.721,5
E01000159,16.257,6
E01000160,12.121,7
E01000161,14.513,6
E01000162,18.504,5
E01000163,28.541,3
E01000164,25.331,4
E01000165,13.258,7
E01000166,14.861,6
E01000167,28.35,3
E01000168,6.975,9
E01000169,13.226,7
E01000170,20.384,5
E01000171,24.261,4
E01000172,8.421,9
E01000173,9.709,8
E01000174,16.271,6
E01000175,7.614,9
E01000176,30.549,3
E01000177,8.263,9
E01000178,8.055,9
E01000179,8.467,9
E01000180,14.555,6
E01000181,8.204,9
E01000182,8.01,9
E01000183,10.613,8
E01000184,31.921,3
E01000185,25.824,4
E01000186,5.195,10
E01000187,13.015,7
E01000188,8.028,9
E01000189,24.526,4
E01000190,10.149,8
E01000191,6.834,9
E01000192,15.472,6
E01000193,16.117,6
E01000194,19.392,5
E01000195,26.999,3
E01000196,12.284,7
E01000197,12.516,7
E01000198,11.841,7
E01000199,7.222,9
E01000200,9.566,8
E01000201,7.184,9
E01000202,6.735,9
E01000203,15.523,6
E01000204,10.063,8
E01000205,7.725,9
E01000206,9.118,8
E01000207,6.585,9
E01000208,6.612,9
E01000209,7.058,9
E01000210,8.197,9
E01000211,14.568,6
E01000212,10.294,8
E01000213,7.583,9
E01000214,10.503,8
E01000215,13.565,7
E01000216,10.017,8
E01000217,10.826,8
E01000218,15.33,6
E01000219,19.87,5
E01000220,17.109,6
E01000221,45.842,1
E01000222,27.098,3
E01000223,35.812,2
E01000224,19.679,5
E01000225,10.981,8
E01000226,31.658,3
E01000227,9.965,8
E01000228,12.492,7
E01000229,21.609,4
E01000230,7.886,9
E01000231,17.628,6
E01000232,14.534,6
E01000233,8.853,8
E01000234,8.657,8
E01000235,23.347,4
E01000236,10.572,8
E01000237,9.545,8
E01000238,14.457,6
E01000239,21.568,4
E01000240,19.599,5
E01000241,10.706,8
E01000242,19.154,5
E01000243,14.093,7
E01000244,15.649,6
E01000245,24.116,4
E01000246,10.621,8
E01000247,10.138,8
E01000248,7.296,9
E01000249,5.863,10
E01000250,13.03,7
E01000251,18.853,5
E01000252,13.376,7
E01000253,9.449,8
E01000254,7.764,9
E01000255,18.729,5
E01000256,10.628,8
E01000257,25.001,4
E01000258,9.156,8
E01000259,13.364,7
E01000260,19.85,5
E01000261,7.628,9
E01000262,11.643,7
E01000263,5.865,10
E01000264,16.482,6
E01000265,15.103,6
E01000266,8.023,9
E01000267,12.75,7
E01000268,15.262,6
E01000269,10.434,8
E01000270,11.98,7
E01000271,6.648,9
E01000272,4.839,10
E01000273,14.148,7
E01000274,15.582,6
E01000275,13.504,7
E01000276,4.061,10
E01000277,18.23,5
E01000278,5.525,10
E01000279,8.956,8
E01000280,3.958,10
E01000281,10.933,8
E01000282,8.582,9
E01000283,4.647,10
E01000284,15.477,6
E01000285,15.134,6
E01000286,23.897,4
E01000287,22.723,4
E01000288,13.041,7
E01000289,38.33,2
E01000290,19.937,5
E01000291,32.936,3
E01000292,11.315,7
E01000293,7.608,9
E01000294,12.242,7
E01000295,13.306,7
E01000296,12.11,7
E01000297,9.009,8
E01000298,11.827,7
E01000299,17.004,6
E01000300,12.253,7
E01000301,7.059,9
E01000302,15.595,6
E01000303,6.805,9
E01000304,13.531,7
E01000305,27.857,3
E01000306,14.045,7
E01000307,23.325,4
E01000308,31.832,3
E01000309,13.899,7
E01000310,19.223,5
E01000311,11.072,8
E01000312,24.927,4
E01000313,19.932,5
E01000314,10.677,8
E01000315,32.727,3
E01000316,19.874,5
E01000317,10.85,8
E01000318,14.711,6
E01000319,9.915,8
E01000320,8.719,8
E01000321,14.405,6
E01000322,14.866,6
E01000323,18.834,5
E01000324,13.755,7
E01033572,22.191,4
E01033573,17.932,5
E01000325,5.875,10
E01000326,11.973,7
E01000327,7.68,9
E01000328,11.404,7
E01000329,15.875,6
E01000330,17.867,5
E01000331,28.281,3
E01000332,16.091,6
E01000333,25.871,4
E01000334,12.987,7
E01000335,31.73,3
E01000336,31.362,3
E01000337,19.57,5
E01000338,18.89,5
E01000339,16.3,6
E01000340,12.831,7
E01000341,8.884,8
E01000342,8.918,8
E01000343,8.347,9
E01000344,6.105,9
E01000345,6.252,9
E01000346,9.662,8
E01000347,11.175,8
E01000348,4.979,10
E01000349,7.459,9
E01000350,7.89,9
E01000351,7.587,9
E01000352,14.763,6
E01000353,5.202,10
E01000354,21.316,5
E01000355,8.189,9
E01000356,7.94,9
E01000357,4.079,10
E01000358,6.15,9
E01000359,6.167,9
E01000360,18.65,5
E01000361,11.27,8
E01000362,12.63,7
E01000363,9.306,8
E01000364,12.692,7
E01000365,14.39,6
E01000366,9.865,8
E01000367,30.905,3
E01000368,33.932,2
E01000369,14.638,6
E01000370,11.364,7
E01000371,8.174,9
E01000372,29.915,3
E01000373,29.344,3
E01000374,42.38,2
E01000375,18.295,5
E01000376,16.232,6
E01000377,12.286,7
E01000378,21.241,5
E01000379,18.601,5
E01000380,23.317,4
E01000381,27.812,3
E01000382,6.444,9
E01000383,21.082,5
E01000384,12.076,7
E01000385,32.32,3
E01000386,41.618,2
E01000387,12.348,7
E01000388,10.762,8
E01000389,11.233,8
E01000390,10.167,8
E01000391,13.901,7
E01000392,22.909,4
E01000393,9.166,8
E01000394,9.317,8
E01000395,5.03,10
E01000396,8.072,9
E01000398,20.001,5
E01000399,9.101,8
E01000400,14.705,6
E01000401,21.111,5
E01000402,23.537,4
E01000403,29.529,3
E01000404,30.082,3
E01000405,28.889,3
E01000406,23.276,4
E01000407,14.648,6
E01000408,23.784,4
E01000409,5.938,9
E01000410,7.496,9
E01000411,9.621,8
E01000412,8.605,9
E01000413,10.974,8
E01000414,13.631,7
E01000415,6.236,9
E01000416,25.261,4
E01000417,19.563,5
E01000418,18.667,5
E01000419,8.707,8
E01000420,11.155,8
E01000421,7.222,9
E01000422,35.949,2
E01000423,5.619,10
E01000424,6.789,9
E01000425,6.454,9
E01000426,10.343,8
E01000427,12.878,7
E01000428,23.903,4
E01000429,42.524,2
E01000430,16.489,6
E01000431,36.113,2
E01000432,24.386,4
E01000433,35.521,2
E01000434,38.229,2
E01000435,31.181,3
E01000436,5.016,10
E01000437,13.671,7
E01000438,14.031,7
E01000439,23.787,4
E01000440,7.749,9
E01000441,29.024,3
E01000442,13.895,7
E01000443,18.208,5
E01000444,6.832,9
E01000445,5.791,10
E01000446,6.243,9
E01000447,10.353,8
E01000448,3.171,10
E01000449,5.445,10
E01000450,18.048,5
E01000451,7.498,9
E01000452,7.478,9
E01000453,8.045,9
E01000454,18.58,5
E01000455,8.188,9
E01000456,6.115,9
E01000457,12.09,7
E01000458,5.631,10
E01000459,14.438,6
E01000460,5.115,10
E01000461,7.086,9
E01000462,14.326,6
E01000463,5.128,10
E01000464,25.484,4
E01000465,28.674,3
E01000466,23.424,4
E01000467,18.552,5
E01000468,20.855,5
E01000469,19.895,5
E01000470,38.345,2
E01032566,25.162,4
E01000471,21.524,5
E01000472,22.928,4
E01000473,25.222,4
E01000474,21.758,4
E01000475,21.12,5
E01000476,19.67,5
E01000477,23.491,4
E01000478,23.721,4
E01000479,15.83,6
E01000480,11.775,7
E01000481,27.74,3
E01000482,33.304,2
E01000483,33.513,2
E01000484,38.614,2
E01000485,29.651,3
E01000486,15.555,6
E01000487,17.634,6
E01000488,24.308,4
E01000489,23.257,4
E01000490,24.206,4
E01000491,21.226,5
E01000492,13.405,7
E01000493,12.31,7
E01000494,19.535,5
E01000495,32.579,3
E01000497,23.67,4
E01000498,32.538,3
E01000499,27.131,3
E01000501,35.651,2
E01000502,28.682,3
E01000503,28.578,3
E01000504,21.374,5
E01000505,20.325,5
E01000506,30.431,3
E01000507,22.007,4
E01000508,37.833,2
E01000509,34.158,2
E01000510,30.111,3
E01000511,31.007,3
E01000512,18.91,5
E01000513,15.506,6
E01000514,14.626,6
E01000515,27.517,3
E01000516,19.417,5
E01000517,13.553,7
E01000518,25.937,4
E01000519,20.361,5
E01000520,20.597,5
E01000521,53.09,1
E01000522,31.433,3
E01000523,31.722,3
E01000524,44.228,1
E01000525,33.636,2
E01000526,42.123,2
E01000527,34.204,2
E01000528,46.028,1
E01000530,15.596,6
E01000531,25.279,4
E01000532,22.1,4
E01000533,38.611,2
E01000534,19.424,5
E01000535,29.612,3
E01000536,11.259,8
E01000538,9.585,8
E01000539,9.401,8
E01000540,10.46,8
E01000541,14.775,6
E01000543,21.407,5
E01000544,33.576,2
E01000545,30.368,3
E01000546,22.321,4
E01000547,22.673,4
E01000548,32.72,3
E01000549,17.113,6
E01000550,34.612,2
E01000551,41.111,2
E01000552,43.404,2
E01000553,29.062,3
E01000554,21.039,5
E01000555,15.947,6
E01000556,32.007,3
E01000557,23.465,4
E01000558,26.806,3
E01000559,22.118,4
E01000560,19.077,5
E01000561,24.708,4
E01000562,10.862,8
E01000563,9.588,8
E01000564,17.31,6
E01000565,23.892,4
E01000566,14.793,6
E01000567,18.175,5
E01000568,14.257,6
E01000569,9.462,8
E01000570,24.088,4
E01000571,22.247,4
E01000572,12.26,7
E01000573,13.432,7
E01000574,10.723,8
E01000575,17.369,6
E01000576,16.509,6
E01000577,32.606,3
E01000578,28.89,3
E01000579,28.906,3
E01000580,20.094,5
E01000581,15.538,6
E01000582,14.317,6
E01000583,21.296,5
E01000584,14.526,6
E01000585,14.234,7
E01000586,21.525,5
E01000587,15.01,6
E01000588,26.149,4
E01000589,19.307,5
E01000590,18.959,5
E01000591,20.6,5
E01000592,20.65,5
E01000593,19.632,5
E01000594,17.074,6
E01000595,45.345,1
E01000596,46.524,1
E01000599,51.401,1
E01000600,36.846,2
E01000601,57.244,1
E01000602,39.756,2
E01000603,39.051,2
E01000604,43.13,2
E01000605,45.54,1
E01000606,19.696,5
E01000607,18.814,5
E01000608,22.141,4
E01000609,20.99,5
E01000610,24.925,4
E01000611,24.049,4
E01000612,22.985,4
E01000613,25.258,4
E01000615,19.767,5
E01000616,21.621,4
E01000617,24.108,4
E01000618,21.83,4
E01000619,19.435,5
E01000620,20.903,5
E01000621,25.172,4
E01000622,30.14,3
E01000623,16.12,6
E01000624,18.739,5
E01000625,22.448,4
E01000626,43.498,2
E01000627,39.15,2
E01000628,33.655,2
E01000629,15.786,6
E01000630,28.674,3
E01000631,16.862,6
E01000632,18.641,5
E01000633,24.495,4
E01000634,21.854,4
E01000635,29.677,3
E01000636,18.16,5
E01000637,23.342,4
E01000638,28.948,3
E01000639,22.065,4
E01000640,26.984,3
E01000641,30.752,3
E01000642,27.298,3
E01000643,51.118,1
E01000644,24.997,4
E01033424,23.051,4
E01033455,42.066,2
E01033456,52.88,1
E01033457,20.23,5
E01033463,13.579,7
E01033464,29.746,3
E01033485,33.913,2
E01000645,4.426,10
E01000646,8.685,8
E01000647,6.901,9
E01000648,6.434,9
E01000649,9.063,8
E01000650,11.657,7
E01000651,9.788,8
E01000652,6.271,9
E01000653,9.788,8
E01000654,7.92,9
E01000655,10.106,8
E01000656,6.82,9
E01000657,12.177,7
E01000658,6.924,9
E01000659,7.687,9
E01000661,37.586,2
E01000662,18.168,5
E01000663,17.592,6
E01000664,19.015,5
E01000665,11.279,8
E01000666,5.577,10
E01000667,6.865,9
E01000668,11.493,7
E01000669,8.753,8
E01000670,5.899,10
E01000671,10.594,8
E01000672,7.586,9
E01000673,8.286,9
E01000674,12.232,7
E01000675,10.154,8
E01000676,20.773,5
E01000677,13.342,7
E01000678,8.932,8
E01000679,8.841,8
E01000680,9.169,8
E01000681,2.655,10
E01000682,4.327,10
E01000683,12.312,7
E01000684,3.543,10
E01000685,12.631,7
E01000686,7.29,9
E01000687,6.541,9
E01000688,2.568,10
E01000689,21.75,4
E01000690,7.176,9
E01000691,13.121,7
E01000692,6.716,9
E01000693,11.702,7
E01000694,7.762,9
E01000695,7.554,9
E01000696,7.31,9
E01000697,3.492,10
E01000698,14.009,7
E01000699,20.128,5
E01000700,13.73,7
E01000701,12.788,7
E01000702,10.113,8
E01000703,10.469,8
E01000704,10.323,8
E01000705,16.348,6
E01000706,16.599,6
E01000707,3.318,10
E01000708,7.865,9
E01000709,16.171,6
E01000710,10.333,8
E01000711,11.785,7
E01000712,7.002,9
E01000713,8.117,9
E01000714,9.987,8
E01000715,6.57,9
E01000716,7.53,9
E01000717,8.436,9
E01000718,27.328,3
E01000719,25.428,4
E01000720,43.281,2
E01000721,43.217,2
E01000722,23.575,4
E01000723,13.714,7
E01000724,36.128,2
E01000725,27.914,3
E01000726,16.178,6
E01000727,14.486,6
E01000728,21.443,5
E01000729,40.937,2
E01000730,41.8,2
E01000731,29.743,3
E01000732,14.361,6
E01000733,19.956,5
E01000734,11.971,7
E01000735,30.057,3
E01000736,21.883,4
E01000737,32.209,3
E01000738,20.161,5
E01000739,42.448,2
E01000740,25.699,4
E01000741,24.882,4
E01000742,23.251,4
E01000743,34.812,2
E01000744,41.713,2
E01000745,19.473,5
E01000746,17.48,6
E01000747,20.247,5
E01000748,12.664,7
E01000749,11.329,7
E01000750,30.702,3
E01000751,6.681,9
E01000752,8.395,9
E01000753,6.135,9
E01000754,7.427,9
E01000755,5.078,10
E01000756,4.925,10
E01000757,4.451,10
E01000758,3.339,10
E01000759,7.816,9
E01000760,9.071,8
E01000761,7.262,9
E01000762,6.964,9
E01000763,5.404,10
E01000764,12.203,7
E01000765,7.214,9
E01000766,3.044,10
E01000767,4.764,10
E01000768,8.72,8
E01000769,23.938,4
E01000770,6.02,9
E01000771,5.485,10
E01000772,4.052,10
E01000773,6.474,9
E01000774,9.362,8
E01000775,7.336,9
E01000777,7.717,9
E01000778,13.162,7
E01000779,15.109,6
E01000780,22.669,4
E01000781,37.305,2
E01000782,47.689,1
E01000783,31.443,3
E01000784,10.181,8
E01000785,31.622,3
E01000786,9.502,8
E01000787,22.391,4
E01000788,23.025,4
E01000789,36.636,2
E01000790,13.639,7
E01000791,9.652,8
E01000792,18.856,5
E01000793,4.826,10
E01000794,3.686,10
E01000795,14.293,6
E01000796,30.14,3
E01000797,13.477,7
E01000798,42.145,2
E01000799,19.434,5
E01000800,28.064,3
E01000801,18.196,5
E01000802,19.757,5
E01000803,17.243,6
E01000804,8.331,9
E01000805,21.754,4
E01000806,25.697,4
E01000807,6.047,9
E01000808,7.005,9
E01000809,4.188,10
E01000810,2.339,10
E01000811,5.127,10
E01000812,10.196,8
E01000813,3.255,10
E01000814,4.284,10
E01000815,2.586,10
E01000816,14.081,7
E01000818,13.454,7
E01000819,26.536,4
E01000820,21.127,5
E01000822,13.278,7
E01000823,11.568,7
E01000824,15.415,6
E01000825,17.0,6
E01000826,4.317,10
E01000827,5.195,10
E01000828,10.099,8
E01000829,6.085,9
E01000830,3.748,10
E01000831,8.153,9
E01000832,5.996,9
E01000833,2.759,10
E01000834,4.859,10
E01000835,7.308,9
E01000836,5.562,10
E01000837,10.214,8
E01000838,5.005,10
E01000839,4.317,10
E01000840,10.385,8
E01000841,4.549,10
E01032562,32.456,3
E01032563,8.916,8
E01032568,25.535,4
E01032570,12.512,7
E01000842,8.523,9
E01000843,13.567,7
E01000844,9.797,8
E01000845,11.305,7
E01000846,22.13,4
E01000847,17.13,6
E01000848,6.035,9
E01000849,7.694,9
E01000850,14.252,6
E01000851,14.959,6
E01000852,14.633,6
E01000853,30.826,3
E01000854,15.832,6
E01000855,14.66,6
E01000856,31.404,3
E01000857,14.85,6
E01000858,37.66,2
E01000859,7.224,9
E01000860,17.703,5
E01000861,33.498,2
E01000862,10.864,8
E01000863,34.37,2
E01000864,17.932,5
E01000865,13.236,7
E01000866,22.434,4
E01000867,28.4,3
E01000868,39.291,2
E01000869,22.144,4
E01000870,26.832,3
E01000871,14.237,7
E01000872,24.312,4
E01000873,8.615,9
E01000874,4.907,10
E01000875,21.838,4
E01000876,29.94,3
E01000877,11.158,8
E01000878,5.647,10
E01000879,5.877,10
E01000880,6.105,9
E01000881,13.429,7
E01000882,4.319,10
E01000883,9.536,8
E01000884,5.273,10
E01000885,7.027,9
E01000886,9.126,8
E01000887,13.063,7
E01000888,14.584,6
E01000889,30.868,3
E01000890,40.883,2
E01000891,38.283,2
E01000892,15.799,6
E01000893,5.314,10
E01000894,6.601,9
E01000895,8.367,9
E01000896,5.734,10
E01000897,5.398,10
E01000898,11.81,7
E01000899,5.971,9
E01000900,26.042,4
E01000901,30.351,3
E01000902,36.241,2
E01000903,18.925,5
E01000904,24.584,4
E01000905,38.075,2
E01000906,10.421,8
E01000907,33.796,2
E01000908,27.211,3
E01000909,11.771,7
E01000910,9.73,8
E01000911,16.959,6
E01000912,22.316,4
E01000913,9.279,8
E01000914,13.106,7
E01000915,23.058,4
E01000916,19.491,5
E01000917,34.957,2
E01000918,20.684,5
E01000919,21.741,4
E01000920,15.017,6
E01000921,15.197,6
E01000922,21.717,4
E01000923,19.37,5
E01000924,13.294,7
E01000925,29.369,3
E01000926,17.412,6
E01000927,14.937,6
E01000928,20.295,5
E01000929,25.374,4
E01000930,30.755,3
E01000931,34.552,2
E01000932,20.043,5
E01000933,25.739,4
E01000934,35.446,2
E01000935,32.327,3
E01000936,21.454,5
E01000937,14.324,6
E01000938,33.666,2
E01000939,39.074,2
E01000940,19.688,5
E01000941,38.035,2
E01000942,15.339,6
E01000943,19.812,5
E01000944,22.702,4
E01000945,29.491,3
E01000946,14.777,6
E01000947,24.682,4
E01000948,28.939,3
E01000949,19.618,5
E01000950,39.726,2
E01000951,34.249,2
E01000952,33.388,2
E01000953,37.205,2
E01000954,34.893,2
E01000955,33.231,3
E01000956,33.601,2
E01000957,26.314,4
E01000958,24.531,4
E01000959,39.028,2
E01000960,16.477,6
E01000961,22.612,4
E01000962,6.05,9
E01000963,8.751,8
E01000964,17.855,5
E01000965,17.42,6
E01000966,6.968,9
E01000967,9.325,8
E01000968,14.268,6
E01000969,6.278,9
E01000970,10.284,8
E01000971,7.866,9
E01000972,27.096,3
E01000973,20.581,5
E01000974,25.094,4
E01000975,17.721,5
E01000976,25.791,4
E01000977,28.332,3
E01000978,20.55,5
E01000979,17.568,6
E01000980,26.51,4
E01000981,13.993,7
E01000982,18.644,5
E01000983,13.494,7
E01000984,30.644,3
E01000985,8.729,8
E01000986,13.043,7
E01000987,9.378,8
E01000989,12.449,7
E01000990,40.278,2
E01000991,8.842,8
E01000992,32.164,3
E01000993,12.212,7
E01000994,19.762,5
E01000995,20.555,5
E01000996,19.945,5
E01000997,22.343,4
E01000998,32.577,3
E01000999,22.777,4
E01001000,28.215,3
E01001001,37.455,2
E01001002,22.163,4
E01001003,24.98,4
E01001004,26.942,3
E01001005,23.204,4
E01001006,30.661,3
E01001007,18.879,5
E01001008,30.401,3
E01001009,23.746,4
E01001010,41.778,2
E01001011,30.871,3
E01001012,37.546,2
E01001013,46.101,1
E01001014,30.289,3
E01001015,24.292,4
E01001016,14.363,6
E01001017,8.041,9
E01001018,6.431,9
E01001019,5.448,10
E01001020,8.448,9
E01001021,35.481,2
E01001022,9.338,8
E01001023,23.385,4
E01001024,8.874,8
E01001025,6.227,9
E01001026,12.713,7
E01001027,10.503,8
E01001028,6.172,9
E01001029,14.98,6
E01001030,7.277,9
E01001031,6.872,9
E01001032,3.765,10
E01001033,14.464,6
E01001034,14.826,6
E01001035,18.386,5
E01001036,11.983,7
E01001037,20.404,5
E01001038,18.538,5
E01001039,8.629,8
E01001040,15.153,6
E01001041,21.138,5
E01001042,36.634,2
E01001043,31.45,3
E01001044,10.209,8
E01001045,35.775,2
E01001046,9.773,8
E01001047,22.051,4
E01001048,28.921,3
E01001049,12.324,7
E01001050,22.047,4
E01001051,39.057,2
E01001052,42.12,2
E01001053,32.404,3
E01001054,34.919,2
E01001055,38.85,2
E01001056,37.89,2
E01001057,40.503,2
E01001058,11.624,7
E01001059,15.24,6
E01001060,20.543,5
E01001061,23.65,4
E01001062,9.874,8
E01001063,6.864,9
E01001064,12.837,7
E01001065,15.885,6
E01001066,38.911,2
E01001067,6.996,9
E01001068,17.303,6
E01001069,9.762,8
E01001070,14.452,6
E01001071,12.944,7
E01001072,8.211,9
E01001073,16.333,6
E01001074,18.325,5
E01001075,11.58,7
E01001076,36.214,2
E01001077,18.542,5
E01001078,36.004,2
E01001079,33.984,2
E01001080,49.591,1
E01001081,34.64,2
E01001082,33.023,3
E01001083,13.37,7
E01001084,13.991,7
E01001085,18.622,5
E01001086,16.705,6
E01001087,23.96,4
E01001088,16.133,6
E01001089,28.744,3
E01001090,23.381,4
E01001091,15.404,6
E01001092,19.832,5
E01001093,11.683,7
E01001094,8.462,9
E01001095,16.293,6
E01001096,7.102,9
E01001097,22.424,4
E01001098,7.535,9
E01001099,19.716,5
E01001100,8.833,8
E01001101,5.124,10
E01001102,7.129,9
E01001103,7.187,9
E01001104,5.761,10
E01001105,20.775,5
E01001106,12.55,7
E01001107,7.039,9
E01001108,5.129,10
E01001109,32.11,3
E01001110,43.021,2
E01001111,28.48,3
E01001112,30.378,3
E01001113,28.381,3
E01001114,41.451,2
E01001115,44.37,1
E01001116,28.878,3
E01001117,27.454,3
E01001118,40.478,2
E01001119,8.868,8
E01001120,10.028,8
E01001121,7.244,9
E01001122,9.529,8
E01001123,9.235,8
E01001124,5.837,10
E01001125,12.056,7
E01001126,6.813,9
E01001127,9.41,8
E01001128,34.857,2
E01001129,4.626,10
E01001130,37.162,2
E01001131,12.694,7
E01001132,9.259,8
E01001133,11.327,7
E01001134,9.9,8
E01001135,8.602,9
E01001136,32.903,3
E01001137,23.5,4
E01001138,18.603,5
E01001139,19.585,5
E01001140,21.715,4
E01001141,27.47,3
E01001142,21.44,5
E01001143,30.177,3
E01001144,37.101,2
E01001145,39.931,2
E01001146,19.749,5
E01001147,34.0,2
E01001148,23.162,4
E01001149,16.06,6
E01001150,20.545,5
E01001151,40.839,2
E01001152,37.166,2
E01001153,22.665,4
E01001154,28.926,3
E01001155,43.809,2
E01001156,26.234,4
E01001157,18.181,5
E01001158,20.443,5
E01001159,14.456,6
E01001160,13.743,7
E01001161,42.566,2
E01001162,28.352,3
E01001163,16.31,6
E01001164,20.492,5
E01001165,24.16,4
E01001166,32.149,3
E01001167,21.834,4
E01001168,21.176,5
E01001169,32.702,3
E01001170,27.089,3
E01001171,24.566,4
E01001172,43.062,2
E01001173,19.768,5
E01001174,22.452,4
E01001175,30.599,3
E01001176,22.748,4
E01001177,31.6,3
E01001178,58.173,1
E01001179,20.706,5
E01001180,27.841,3
E01001181,42.449,2
E01001182,21.65,4
E01001183,24.133,4
E01001184,16.909,6
E01001185,19.985,5
E01001186,29.074,3
E01001187,20.607,5
E01001188,28.153,3
E01001189,17.717,5
E01001190,27.441,3
E01001191,34.93,2
E01001192,27.765,3
E01001193,34.356,2
E01001194,18.25,5
E01032569,45.186,1
E01001195,13.986,7
E01001196,38.041,2
E01001197,22.602,4
E01001198,14.822,6
E01001199,22.254,4
E01001200,15.981,6
E01001201,17.646,6
E01001202,33.786,2
E01001203,32.757,3
E01001204,13.681,7
E01001205,31.013,3
E01001206,42.319,2
E01001207,16.207,6
E01001208,11.841,7
E01001209,7.107,9
E01001210,50.708,1
E01001211,10.395,8
E01001212,13.453,7
E01001213,28.161,3
E01001214,15.937,6
E01001215,30.196,3
E01001216,22.184,4
E01001217,16.083,6
E01001218,36.313,2
E01001219,36.023,2
E01001220,47.749,1
E01001221,24.068,4
E01001222,21.852,4
E01001223,11.671,7
E01001224,9.146,8
E01001225,21.713,4
E01001226,13.363,7
E01001227,10.29,8
E01001228,11.398,7
E01001229,30.226,3
E01001230,21.257,5
E01001231,13.847,7
E01001232,23.753,4
E01001233,23.841,4
E01001234,22.923,4
E01001235,14.225,7
E01001236,16.278,6
E01001237,17.023,6
E01001238,24.534,4
E01001239,32.662,3
E01001240,20.451,5
E01001241,22.203,4
E01001242,26.914,3
E01001243,25.381,4
E01001244,28.857,3
E01001245,15.441,6
E01001246,32.021,3
E01001247,21.278,5
E01001248,17.386,6
E01001249,41.534,2
E01001250,37.117,2
E01001251,18.709,5
E01001252,25.654,4
E01001253,15.645,6
E01001254,14.588,6
E01001255,13.456,7
E01001257,40.826,2
E01001258,15.858,6
E01001259,20.119,5
E01001260,20.741,5
E01001261,22.674,4
E01001262,31.334,3
E01001263,34.487,2
E01001264,24.398,4
E01001265,20.568,5
E01001266,16.109,6
E01001267,31.849,3
E01001268,18.541,5
E01001269,13.557,7
E01001270,15.651,6
E01001271,16.877,6
E01001272,19.058,5
E01001273,9.462,8
E01001274,8.494,9
E01001275,19.035,5
E01001276,20.56,5
E01001277,17.535,6
E01001278,23.769,4
E01001279,7.15,9
E01001280,13.686,7
E01001281,7.459,9
E01001282,35.01,2
E01001283,40.085,2
E01001284,15.752,6
E01001285,23.184,4
E01001286,23.532,4
E01001287,31.223,3
E01001288,16.018,6
E01001289,15.526,6
E01001290,12.68,7
E01001291,19.365,5
E01001292,13.864,7
E01001293,17.362,6
E01001294,22.485,4
E01001295,17.222,6
E01001296,22.011,4
E01001297,23.36,4
E01001298,27.974,3
E01001299,8.007,9
E01001300,8.87,8
E01001301,20.032,5
E01001302,11.697,7
E01001303,9.914,8
E01001304,14.074,7
E01001305,7.673,9
E01001306,8.308,9
E01001307,11.103,8
E01001308,11.391,7
E01001309,15.083,6
E01001310,18.59,5
E01001311,28.942,3
E01001312,16.657,6
E01001313,13.693,7
E01001314,10.954,8
E01001315,18.255,5
E01001316,31.82,3
E01001317,26.465,4
E01001318,36.013,2
E01001319,18.036,5
E01001320,41.628,2
E01001321,26.07,4
E01001322,23.866,4
E01001323,23.054,4
E01001324,33.507,2
E01001325,26.632,3
E01001326,33.051,3
E01001327,30.832,3
E01001328,33.629,2
E01001329,24.129,4
E01001330,42.882,2
E01001331,37.261,2
E01001332,39.944,2
E01001333,39.653,2
E01001334,41.199,2
E01001335,20.851,5
E01001336,24.895,4
E01001337,35.728,2
E01001338,27.178,3
E01001339,35.644,2
E01001340,38.035,2
E01001341,12.828,7
E01001342,14.813,6
E01001343,15.378,6
E01001344,18.422,5
E01001345,17.505,6
E01001346,12.0,7
E01001347,18.682,5
E01001348,19.431,5
E01001349,33.598,2
E01001350,16.166,6
E01001351,28.006,3
E01001352,15.249,6
E01001353,23.368,4
E01001354,22.226,4
E01001355,24.463,4
E01001356,45.936,1
E01001357,41.995,2
E01001358,45.789,1
E01001359,24.895,4
E01001360,29.132,3
E01001361,34.209,2
E01001362,29.18,3
E01001363,26.151,4
E01001364,42.16,2
E01001365,28.015,3
E01001366,28.541,3
E01001367,30.306,3
E01001368,28.942,3
E01001369,24.898,4
E01001370,25.905,4
E01001371,27.142,3
E01001372,31.007,3
E01001373,26.285,4
E01001374,11.21,8
E01001375,5.53,10
E01001376,23.916,4
E01001377,8.237,9
E01001379,6.511,9
E01001380,12.501,7
E01001381,18.031,5
E01001382,8.388,9
E01001383,11.57,7
E01001384,9.84,8
E01001385,8.565,9
E01001386,9.924,8
E01001387,16.451,6
E01001388,34.821,2
E01001389,21.071,5
E01032572,16.309,6
E01032743,27.393,3
E01032744,33.801,2
E01001390,10.543,8
E01001391,25.639,4
E01001392,10.702,8
E01001393,19.095,5
E01001394,26.964,3
E01001395,35.279,2
E01001396,19.048,5
E01001397,24.623,4
E01001398,9.217,8
E01001399,11.221,8
E01001400,10.379,8
E01001401,12.406,7
E01001402,8.991,8
E01001403,15.86,6
E01001404,19.168,5
E01001405,12.081,7
E01001406,24.464,4
E01001407,18.518,5
E01001408,16.678,6
E01001409,34.902,2
E01001410,45.507,1
E01001411,13.411,7
E01001412,28.35,3
E01001413,7.768,9
E01001414,42.821,2
E01001415,15.471,6
E01001416,7.674,9
E01001417,8.251,9
E01001418,21.09,5
E01001419,15.206,6
E01001420,26.371,4
E01001421,26.74,3
E01001422,7.863,9
E01001423,31.815,3
E01001424,45.659,1
E01001425,48.205,1
E01001426,41.035,2
E01001427,42.558,2
E01001428,38.085,2
E01001429,46.391,1
E01001430,42.061,2
E01001431,43.347,2
E01001432,39.635,2
E01001433,36.086,2
E01001434,28.191,3
E01001435,26.237,4
E01001436,28.56,3
E01001437,38.766,2
E01001438,34.949,2
E01001439,35.255,2
E01001440,30.551,3
E01001441,37.103,2
E01001442,44.482,1
E01001444,22.75,4
E01001445,29.846,3
E01001446,27.924,3
E01001447,42.79,2
E01001448,30.162,3
E01001449,29.422,3
E01001450,21.426,5
E01001451,16.806,6
E01001452,11.358,7
E01001453,6.185,9
E01001454,9.141,8
E01001455,11.174,8
E01001456,5.686,10
E01001457,13.891,7
E01001458,40.254,2
E01001459,23.802,4
E01001460,38.272,2
E01001461,40.049,2
E01001462,35.063,2
E01001463,22.651,4
E01001464,38.337,2
E01001465,24.442,4
E01001466,28.341,3
E01001467,26.454,4
E01001468,29.819,3
E01001469,23.277,4
E01001470,10.556,8
E01001471,17.36,6
E01001472,13.774,7
E01001473,15.973,6
E01001474,13.064,7
E01001475,7.273,9
E01001476,28.029,3
E01001477,34.984,2
E01001478,25.908,4
E01001479,33.274,2
E01001480,30.603,3
E01001481,26.529,4
E01001482,38.527,2
E01001483,53.716,1
E01001484,24.503,4
E01001485,37.13,2
E01001486,41.507,2
E01001487,35.047,2
E01001488,30.484,3
E01001489,30.915,3
E01001491,32.824,3
E01001492,32.044,3
E01001493,29.242,3
E01001494,15.474,6
E01001495,12.544,7
E01001496,14.271,6
E01001497,23.466,4
E01001498,17.405,6
E01001499,24.023,4
E01001500,19.827,5
E01001501,26.291,4
E01001502,31.213,3
E01001503,28.155,3
E01001504,30.29,3
E01001505,33.573,2
E01001506,38.67,2
E01001507,40.471,2
E01001508,31.854,3
E01001509,34.342,2
E01001510,47.177,1
E01001511,21.859,4
E01001512,18.403,5
E01001513,33.421,2
E01001514,21.731,4
E01001515,37.118,2
E01001516,28.911,3
E01001517,48.739,1
E01001518,22.402,4
E01001519,13.242,7
E01001520,17.439,6
E01001521,8.942,8
E01001522,14.078,7
E01001523,8.803,8
E01001524,21.144,5
E01001525,16.784,6
E01001526,10.158,8
E01001527,15.807,6
E01001528,34.923,2
E01001529,32.233,3
E01001530,20.501,5
E01001531,8.429,9
E01001532,8.506,9
E01001533,7.078,9
E01001534,11.197,8
E01001535,14.357,6
E01001536,18.752,5
E01001537,11.559,7
E01001538,11.124,8
E01001539,15.185,6
E01001540,14.261,6
E01001541,9.711,8
E01001542,18.608,5
E01001543,9.625,8
E01001544,9.567,8
E01001545,45.483,1
E01001546,27.925,3
E01001547,29.152,3
E01001548,32.093,3
E01001549,42.876,2
E01001550,36.024,2
E01001551,42.143,2
E01001552,26.37,4
E01001553,38.285,2
E01001554,42.024,2
E01001555,34.676,2
E01001556,19.27,5
E01001557,30.164,3
E01001558,39.726,2
E01001559,41.09,2
E01001560,34.488,2
E01001562,46.641,1
E01001563,16.576,6
E01001564,10.265,8
E01001565,16.271,6
E01001566,13.927,7
E01001567,6.287,9
E01001568,9.832,8
E01001569,10.386,8
E01001570,17.923,5
E01032574,31.481,3
E01033146,37.571,2
E01033148,35.962,2
E01033150,26.753,3
E01033151,39.664,2
E01001571,17.934,5
E01001572,15.488,6
E01001573,15.713,6
E01001574,39.32,2
E01001575,47.53,1
E01001576,39.498,2
E01001577,33.562,2
E01001578,26.804,3
E01001579,37.671,2
E01001580,10.762,8
E01001581,20.417,5
E01001582,23.276,4
E01001583,13.467,7
E01001584,8.831,8
E01001585,12.942,7
E01001586,24.143,4
E01001587,12.083,7
E01001588,36.01,2
E01001589,27.748,3
E01001590,18.27,5
E01001591,31.725,3
E01001592,14.689,6
E01001593,11.428,7
E01001594,36.347,2
E01001595,23.247,4
E01001596,9.357,8
E01001597,15.157,6
E01001598,14.161,7
E01001599,17.402,6
E01001600,13.508,7
E01001601,10.965,8
E01001602,32.404,3
E01001603,36.698,2
E01001604,13.453,7
E01001605,7.194,9
E01001606,6.397,9
E01001607,17.855,5
E01001608,14.25,6
E01001609,21.984,4
E01001610,12.889,7
E01001611,18.934,5
E01001613,20.04,5
E01001614,8.565,9
E01001615,20.234,5
E01001617,8.775,8
E01001618,23.606,4
E01001619,14.743,6
E01001620,31.693,3
E01001621,31.869,3
E01001623,24.743,4
E01001624,25.331,4
E01001625,40.633,2
E01001629,30.377,3
E01001631,34.131,2
E01001632,18.55,5
E01001633,34.156,2
E01001634,41.733,2
E01001635,23.232,4
E01001636,25.682,4
E01001637,27.056,3
E01001638,28.086,3
E01001640,30.555,3
E01001641,16.332,6
E01001642,11.497,7
E01001644,17.25,6
E01001645,27.85,3
E01001646,25.032,4
E01001647,21.637,4
E01001648,19.236,5
E01001649,35.196,2
E01001650,31.966,3
E01001651,43.603,2
E01001652,17.489,6
E01001653,40.929,2
E01001654,39.916,2
E01001655,42.546,2
E01001656,18.273,5
E01001657,11.265,8
E01001658,18.198,5
E01001659,20.724,5
E01001660,33.571,2
E01001661,35.08,2
E01001662,22.073,4
E01001664,21.316,5
E01001665,17.153,6
E01001666,25.344,4
E01001667,42.578,2
E01001668,26.89,3
E01001669,27.835,3
E01001671,22.947,4
E01001672,27.142,3
E01001673,35.883,2
E01001674,22.128,4
E01001675,28.69,3
E01001676,28.338,3
E01001677,19.733,5
E01001678,14.09,7
E01001679,13.493,7
E01001680,8.857,8
E01001681,18.3,5
E01001682,18.224,5
E01001683,22.811,4
E01001684,24.72,4
E01001685,17.339,6
E01001686,20.534,5
E01001687,35.651,2
E01001688,26.616,3
E01001690,29.707,3
E01001692,30.003,3
E01001693,33.676,2
E01001694,23.21,4
E01001695,36.783,2
E01001696,36.797,2
E01001697,33.943,2
E01001698,29.548,3
E01001699,24.705,4
E01001700,31.145,3
E01001701,29.43,3
E01001702,37.853,2
E01001703,31.821,3
E01001704,23.517,4
E01001705,32.594,3
E01001706,39.488,2
E01001708,20.619,5
E01001709,37.34,2
E01001710,33.511,2
E01001711,27.849,3
E01001712,31.332,3
E01001713,37.076,2
E01032567,18.752,5
E01033726,33.551,2
E01033727,19.531,5
E01033728,9.263,8
E01033729,25.081,4
E01033730,17.399,6
E01033731,11.694,7
E01033732,25.75,4
E01033733,14.648,6
E01033734,15.647,6
E01033735,27.791,3
E01033736,10.5,8
E01033737,33.761,2
E01033738,22.299,4
E01033739,19.084,5
E01033740,20.316,5
E01033741,19.599,5
E01033742,13.105,7
E01033743,20.968,5
E01033744,29.363,3
E01033745,22.101,4
E01033746,21.824,4
E01001714,44.248,1
E01001715,28.349,3
E01001716,37.112,2
E01001717,27.475,3
E01001718,20.149,5
E01001719,35.72,2
E01001720,19.773,5
E01001722,31.702,3
E01001723,22.842,4
E01001724,25.324,4
E01001725,26.575,3
E01001726,32.84,3
E01001727,22.608,4
E01001728,30.577,3
E01001729,42.01,2
E01001730,45.752,1
E01001731,31.157,3
E01001732,39.137,2
E01001733,32.404,3
E01001734,36.255,2
E01001735,35.185,2
E01001736,21.541,5
E01001737,24.573,4
E01001738,22.939,4
E01001739,25.798,4
E01001740,43.901,1
E01001741,17.772,5
E01001742,28.995,3
E01001744,32.017,3
E01001745,36.826,2
E01001746,35.266,2
E01001747,31.063,3
E01001748,32.844,3
E01001749,31.098,3
E01001750,36.039,2
E01001751,18.737,5
E01001752,26.838,3
E01001753,35.92,2
E01001754,31.459,3
E01001755,40.073,2
E01001756,23.435,4
E01001757,31.873,3
E01001758,38.882,2
E01001759,28.934,3
E01001760,39.233,2
E01001761,47.161,1
E01001762,27.09,3
E01001763,22.12,4
E01001764,28.73,3
E01001765,43.409,2
E01001767,33.95,2
E01001768,24.277,4
E01001769,26.759,3
E01001770,34.261,2
E01001772,41.78,2
E01001773,38.205,2
E01001774,28.204,3
E01001775,39.266,2
E01001776,45.938,1
E01001777,34.27,2
E01001779,30.639,3
E01001780,37.728,2
E01001781,44.66,1
E01001782,21.076,5
E01001783,38.594,2
E01001784,26.639,3
E01001785,30.74,3
E01001786,37.939,2
E01001787,43.42,2
E01001788,42.475,2
E01001789,27.673,3
E01001790,51.961,1
E01001791,32.227,3
E01001792,32.729,3
E01001793,24.873,4
E01001794,26.492,4
E01001795,31.452,3
E01001796,28.427,3
E01001798,46.437,1
E01001799,26.539,4
E01001800,39.15,2
E01001801,31.423,3
E01001802,33.522,2
E01001803,15.695,6
E01001804,26.466,4
E01001805,27.222,3
E01001806,29.992,3
E01001807,29.104,3
E01001808,30.857,3
E01001809,26.652,3
E01001811,48.58,1
E01001812,29.842,3
E01001813,48.476,1
E01001814,32.729,3
E01001815,36.758,2
E01001816,25.206,4
E01001819,27.879,3
E01001820,41.027,2
E01001821,43.173,2
E01001822,45.667,1
E01001823,28.315,3
E01001824,33.87,2
E01001825,26.92,3
E01001826,34.25,2
E01001827,36.874,2
E01001828,34.2,2
E01001829,16.477,6
E01001830,32.425,3
E01001831,29.178,3
E01001832,28.103,3
E01001833,31.832,3
E01001834,30.766,3
E01001835,21.313,5
E01001836,26.182,4
E01001837,17.083,6
E01001838,46.392,1
E01001839,38.772,2
E01001840,40.008,2
E01001841,31.696,3
E01001842,39.524,2
E01001843,32.022,3
E01001844,26.949,3
E01001845,50.985,1
E01001846,46.735,1
E01001847,56.261,1
E01001848,39.884,2
E01001849,34.104,2
E01001850,42.961,2
E01033698,34.433,2
E01033699,33.618,2
E01033700,30.151,3
E01033701,47.473,1
E01033702,35.791,2
E01033703,34.171,2
E01033704,26.61,3
E01033705,31.723,3
E01033706,32.488,3
E01033707,32.543,3
E01033708,20.118,5
E01033709,33.721,2
E01033710,24.65,4
E01033711,22.212,4
E01033712,33.44,2
E01033713,34.988,2
E01001851,13.267,7
E01001852,16.762,6
E01001853,20.791,5
E01001854,19.308,5
E01001855,18.446,5
E01001856,31.549,3
E01001857,39.967,2
E01001858,30.675,3
E01001859,20.236,5
E01001860,31.87,3
E01001861,30.192,3
E01001862,32.679,3
E01001863,18.964,5
E01001864,28.795,3
E01001865,13.639,7
E01001866,14.104,7
E01001867,13.678,7
E01001868,35.865,2
E01001869,14.292,6
E01001870,16.892,6
E01001871,12.278,7
E01001872,15.605,6
E01001873,22.705,4
E01001874,23.89,4
E01001875,33.544,2
E01001876,37.345,2
E01001877,33.33,2
E01001878,34.751,2
E01001879,22.554,4
E01001880,21.14,5
E01001881,14.937,6
E01001882,13.532,7
E01001883,23.378,4
E01001884,25.958,4
E01001885,50.627,1
E01001886,25.873,4
E01001887,23.246,4
E01001888,10.795,8
E01001889,19.908,5
E01001890,13.675,7
E01001891,11.44,7
E01001892,28.411,3
E01001893,33.791,2
E01001894,30.447,3
E01001895,19.524,5
E01001896,22.043,4
E01001897,15.457,6
E01001898,22.222,4
E01001899,43.244,2
E01001900,36.348,2
E01001901,10.834,8
E01001902,15.69,6
E01001903,25.552,4
E01001904,9.473,8
E01001905,7.147,9
E01001906,9.619,8
E01001907,11.551,7
E01001908,17.008,6
E01001909,22.51,4
E01001910,18.415,5
E01001911,34.648,2
E01001912,35.515,2
E01001913,10.792,8
E01001914,19.977,5
E01001915,12.938,7
E01001916,6.849,9
E01001917,15.582,6
E01001918,10.542,8
E01001919,8.626,8
E01001920,31.102,3
E01001921,19.082,5
E01001922,12.078,7
E01001923,17.635,6
E01001924,9.181,8
E01001925,9.021,8
E01001926,6.578,9
E01001927,9.468,8
E01001928,20.584,5
E01001929,12.281,7
E01001930,31.034,3
E01001931,18.489,5
E01001932,25.92,4
E01001933,20.872,5
E01001934,23.795,4
E01001935,16.976,6
E01001937,13.307,7
E01001938,27.478,3
E01001939,21.07,5
E01001940,34.773,2
E01001941,30.224,3
E01001942,24.159,4
E01001943,33.034,3
E01001944,43.021,2
E01001945,25.101,4
E01001946,21.955,4
E01001947,37.614,2
E01001948,14.586,6
E01001949,8.026,9
E01001950,9.705,8
E01001951,17.389,6
E01001952,15.715,6
E01001953,22.092,4
E01001954,27.358,3
E01001955,37.986,2
E01001956,27.284,3
E01001957,38.797,2
E01001958,38.666,2
E01001959,40.084,2
E01001960,18.411,5
E01001961,41.84,2
E01032788,26.761,3
E01032789,17.108,6
E01032790,17.986,5
E01001962,15.503,6
E01001963,8.6,9
E01001964,14.801,6
E01001965,11.266,8
E01001966,13.306,7
E01001967,8.872,8
E01001968,11.166,8
E01001969,27.037,3
E01001970,26.984,3
E01001971,37.858,2
E01001972,26.384,4
E01001973,18.289,5
E01001974,19.494,5
E01001975,21.262,5
E01001976,37.877,2
E01001977,41.128,2
E01001978,40.391,2
E01001979,41.479,2
E01001980,28.46,3
E01001981,29.7,3
E01001982,32.02,3
E01001983,27.617,3
E01001984,19.562,5
E01001985,10.007,8
E01001986,12.447,7
E01001987,9.497,8
E01001988,16.053,6
E01001989,14.789,6
E01001990,15.635,6
E01001991,14.98,6
E01001992,7.588,9
E01001993,6.707,9
E01001994,10.117,8
E01001995,26.161,4
E01001996,9.706,8
E01001997,14.708,6
E01001998,17.544,6
E01001999,26.638,3
E01002000,18.695,5
E01002001,20.744,5
E01002002,38.664,2
E01002003,36.814,2
E01002004,18.37,5
E01002005,16.075,6
E01002006,15.629,6
E01002007,11.806,7
E01002008,9.139,8
E01002009,12.302,7
E01002010,20.128,5
E01002011,21.45,5
E01002013,12.132,7
E01002014,21.567,4
E01002015,26.278,4
E01002016,21.589,4
E01002017,23.523,4
E01002018,26.666,3
E01002019,7.683,9
E01002020,17.157,6
E01002021,10.351,8
E01002022,14.395,6
E01002023,15.478,6
E01002024,17.848,5
E01002025,7.925,9
E01002026,46.325,1
E01002027,29.949,3
E01002028,27.129,3
E01002029,36.32,2
E01002030,21.726,4
E01002031,33.197,3
E01002032,37.492,2
E01002033,38.453,2
E01002034,51.421,1
E01002036,55.03,1
E01002037,44.897,1
E01002038,46.599,1
E01002039,55.411,1
E01002040,46.352,1
E01002041,37.972,2
E01002042,18.696,5
E01002043,27.374,3
E01002044,23.921,4
E01002045,28.261,3
E01002046,31.66,3
E01002047,23.269,4
E01002048,25.213,4
E01002049,31.408,3
E01002050,23.366,4
E01002051,36.525,2
E01002052,28.141,3
E01002053,36.009,2
E01002054,36.761,2
E01002055,23.338,4
E01002056,29.031,3
E01002057,22.792,4
E01002058,24.777,4
E01002059,21.23,5
E01002060,11.93,7
E01002061,14.12,7
E01002062,15.762,6
E01002063,21.851,4
E01002064,30.894,3
E01002065,27.623,3
E01002066,47.93,1
E01002067,39.987,2
E01002068,31.663,3
E01002069,39.957,2
E01002070,26.2,4
E01002071,53.253,1
E01002072,35.991,2
E01002073,39.358,2
E01002074,40.305,2
E01002075,33.971,2
E01002076,33.273,2
E01002077,37.884,2
E01002078,34.316,2
E01002079,26.303,4
E01002080,30.562,3
E01002081,45.491,1
E01002082,64.677,1
E01002083,17.724,5
E01002084,27.171,3
E01002085,28.237,3
E01002086,33.019,3
E01002087,35.342,2
E01002088,24.185,4
E01002089,46.961,1
E01002090,39.501,2
E01002091,41.384,2
E01002092,35.887,2
E01002093,46.889,1
E01002094,41.188,2
E01002095,46.919,1
E01002096,43.303,2
E01002097,42.169,2
E01002098,21.989,4
E01002099,40.472,2
E01002100,33.809,2
E01002101,21.555,4
E01002102,28.079,3
E01002103,25.598,4
E01002104,25.485,4
E01002105,27.986,3
E01032575,37.628,2
E01033085,28.414,3
E01033086,41.863,2
E01002106,10.431,8
E01002107,6.404,9
E01002108,8.475,9
E01002109,9.025,8
E01002110,7.616,9
E01002111,14.889,6
E01002112,6.325,9
E01002113,15.928,6
E01002114,21.757,4
E01002115,12.933,7
E01002116,8.59,9
E01002117,16.338,6
E01002118,18.653,5
E01002119,19.348,5
E01002120,31.648,3
E01002121,11.816,7
E01002122,15.646,6
E01002123,17.052,6
E01002124,14.394,6
E01002125,15.476,6
E01002126,14.665,6
E01002127,13.278,7
E01002128,17.805,5
E01002129,17.895,5
E01002130,24.584,4
E01002131,28.704,3
E01002132,9.26,8
E01002133,33.059,3
E01002134,9.184,8
E01002135,15.16,6
E01002136,12.828,7
E01002137,4.693,10
E01002138,17.468,6
E01002139,30.759,3
E01002140,18.298,5
E01002141,15.108,6
E01002142,14.391,6
E01002143,19.971,5
E01002144,13.848,7
E01002145,15.781,6
E01002146,3.585,10
E01002147,8.814,8
E01002148,10.409,8
E01002149,4.585,10
E01002150,10.748,8
E01002151,34.105,2
E01002152,6.412,9
E01002153,5.724,10
E01002154,12.679,7
E01002155,6.903,9
E01002156,6.923,9
E01002157,10.935,8
E01002158,6.038,9
E01002159,12.955,7
E01002160,13.132,7
E01002161,14.683,6
E01002162,17.756,5
E01002163,11.162,8
E01002164,8.835,8
E01002165,14.602,6
E01002166,13.325,7
E01002167,20.304,5
E01002168,26.025,4
E01002169,18.14,5
E01002170,16.493,6
E01002171,11.431,7
E01002172,12.818,7
E01002173,13.645,7
E01002174,10.279,8
E01002175,11.584,7
E01002176,12.914,7
E01002177,13.931,7
E01002178,10.016,8
E01002179,21.12,5
E01002180,26.863,3
E01002181,12.446,7
E01002182,14.672,6
E01002183,19.148,5
E01002184,18.565,5
E01002185,30.631,3
E01002186,18.625,5
E01002187,12.416,7
E01002188,3.181,10
E01002189,5.666,10
E01002190,6.159,9
E01002191,6.486,9
E01002192,6.662,9
E01002193,10.973,8
E01002194,5.407,10
E01002195,5.73,10
E01002196,5.376,10
E01002197,11.996,7
E01002198,13.235,7
E01002199,10.429,8
E01002200,15.948,6
E01002201,9.749,8
E01002202,18.335,5
E01002203,13.064,7
E01002204,13.986,7
E01002206,14.258,6
E01002207,11.844,7
E01002208,4.958,10
E01002209,9.946,8
E01002210,8.478,9
E01002211,27.335,3
E01002212,19.735,5
E01002213,17.998,5
E01002214,18.349,5
E01002215,26.808,3
E01002216,12.222,7
E01002217,32.662,3
E01002218,16.566,6
E01002219,20.375,5
E01002220,14.604,6
E01002221,16.888,6
E01002222,13.151,7
E01002223,14.248,6
E01002224,23.599,4
E01002225,6.974,9
E01002226,13.901,7
E01002227,38.186,2
E01002228,13.791,7
E01002229,20.34,5
E01002230,10.441,8
E01002231,22.427,4
E01002232,19.699,5
E01002233,24.849,4
E01002234,18.867,5
E01002235,27.97,3
E01002236,18.005,5
E01002237,20.045,5
E01002238,11.152,8
E01002239,9.138,8
E01002240,20.176,5
E01002241,21.921,4
E01002242,8.357,9
E01032576,7.437,9
E01002243,30.321,3
E01002244,19.029,5
E01002245,17.892,5
E01002246,14.682,6
E01002247,19.955,5
E01002248,21.286,5
E01002249,20.574,5
E01002250,21.587,4
E01002251,24.493,4
E01002252,10.37,8
E01002253,2.453,10
E01002254,3.323,10
E01002255,8.345,9
E01002256,6.437,9
E01002257,4.228,10
E01002258,14.889,6
E01002259,7.442,9
E01002260,12.075,7
E01002261,13.701,7
E01002262,16.019,6
E01002263,7.854,9
E01002264,32.066,3
E01002265,11.656,7
E01002266,15.126,6
E01002267,26.107,4
E01002268,11.623,7
E01002269,8.709,8
E01002270,6.589,9
E01002271,7.906,9
E01002272,9.268,8
E01002273,10.411,8
E01002274,7.551,9
E01002275,8.32,9
E01002276,29.634,3
E01002277,33.413,2
E01002278,33.021,3
E01002279,25.274,4
E01002280,49.966,1
E01002281,33.762,2
E01002282,40.164,2
E01002283,30.523,3
E01002284,29.637,3
E01002285,7.135,9
E01002286,5.332,10
E01002287,9.054,8
E01002288,6.5,9
E01002289,9.285,8
E01002290,7.741,9
E01002291,9.644,8
E01002292,18.192,5
E01002293,17.286,6
E01002294,9.006,8
E01002295,16.189,6
E01002296,13.232,7
E01002297,38.58,2
E01002298,11.631,7
E01002299,19.999,5
E01002300,10.482,8
E01002301,12.127,7
E01002302,18.365,5
E01002303,31.035,3
E01002304,22.295,4
E01002305,18.156,5
E01002306,31.249,3
E01002307,20.131,5
E01002308,24.518,4
E01002309,22.808,4
E01002310,39.544,2
E01002311,26.235,4
E01002312,27.707,3
E01002313,25.67,4
E01002314,39.909,2
E01002315,22.92,4
E01002316,40.727,2
E01002317,5.481,10
E01002318,8.47,9
E01002319,16.802,6
E01002320,8.93,8
E01002321,9.518,8
E01002322,7.706,9
E01002323,11.889,7
E01002324,22.052,4
E01002325,26.639,3
E01002326,19.584,5
E01002327,15.455,6
E01002328,10.024,8
E01002329,15.543,6
E01002330,18.943,5
E01002331,15.434,6
E01002332,14.821,6
E01002333,8.49,9
E01002334,11.33,7
E01002335,16.434,6
E01002336,13.0,7
E01002337,13.698,7
E01002338,11.62,7
E01002339,5.785,10
E01002340,8.668,8
E01002341,10.788,8
E01002342,19.728,5
E01002343,13.207,7
E01002344,19.839,5
E01002345,30.318,3
E01002346,25.573,4
E01002347,14.333,6
E01002348,10.11,8
E01002349,13.9,7
E01002350,26.331,4
E01002351,11.81,7
E01002352,17.934,5
E01002353,15.297,6
E01002354,5.021,10
E01002355,6.409,9
E01002356,33.713,2
E01002358,16.44,6
E01002359,7.02,9
E01002360,13.793,7
E01002361,19.361,5
E01002362,6.861,9
E01002363,18.359,5
E01002364,6.955,9
E01002365,13.525,7
E01002366,11.057,8
E01002367,9.687,8
E01002368,39.103,2
E01002369,21.384,5
E01002370,29.558,3
E01002371,16.24,6
E01002372,10.822,8
E01002373,13.847,7
E01002374,16.712,6
E01002375,28.938,3
E01002376,6.826,9
E01002377,12.885,7
E01002378,8.009,9
E01002379,6.561,9
E01002380,16.974,6
E01002381,13.35,7
E01002382,8.19,9
E01002383,8.309,9
E01002384,7.011,9
E01002385,13.766,7
E01002386,7.828,9
E01002387,4.519,10
E01002388,2.326,10
E01002389,4.429,10
E01002390,3.16,10
E01002391,10.565,8
E01032741,18.737,5
E01032742,18.479,5
E01002392,35.128,2
E01002393,22.759,4
E01002394,18.977,5
E01002395,21.55,5
E01002396,28.627,3
E01002397,26.362,4
E01002398,21.185,5
E01002399,19.66,5
E01002400,26.723,3
E01002401,26.638,3
E01002402,24.386,4
E01002403,26.617,3
E01002404,29.688,3
E01002405,23.452,4
E01002406,24.978,4
E01002407,23.489,4
E01002408,31.015,3
E01002409,22.359,4
E01002410,15.825,6
E01002411,23.999,4
E01002412,13.287,7
E01002413,30.67,3
E01002414,8.777,8
E01002415,6.957,9
E01002416,7.256,9
E01002417,6.56,9
E01002418,11.922,7
E01002419,5.501,10
E01002420,13.784,7
E01002421,8.993,8
E01002422,15.824,6
E01002423,13.735,7
E01002424,13.456,7
E01002425,23.941,4
E01002426,17.74,5
E01002427,13.203,7
E01002428,12.152,7
E01002429,30.131,3
E01002430,6.105,9
E01002431,4.924,10
E01002432,6.636,9
E01002433,16.922,6
E01002434,5.524,10
E01002435,4.163,10
E01002436,10.954,8
E01002437,5.755,10
E01002438,12.569,7
E01002439,17.002,6
E01002440,20.207,5
E01002441,23.701,4
E01002442,23.76,4
E01002443,19.901,5
E01002444,22.563,4
E01002445,30.41,3
E01002446,21.888,4
E01002447,24.211,4
E01002448,18.249,5
E01002449,21.375,5
E01002450,7.627,9
E01002451,7.125,9
E01002452,9.387,8
E01002453,11.258,8
E01002454,19.651,5
E01002455,20.172,5
E01002456,19.196,5
E01002457,26.837,3
E01002458,7.08,9
E01002459,3.738,10
E01002460,6.577,9
E01002461,10.271,8
E01002462,6.945,9
E01002463,7.321,9
E01002464,6.369,9
E01002465,10.44,8
E01002466,7.607,9
E01002467,5.772,10
E01002468,6.832,9
E01002469,7.97,9
E01002470,10.721,8
E01002471,7.311,9
E01002472,8.241,9
E01002473,15.968,6
E01002474,10.473,8
E01002475,17.647,6
E01002476,4.554,10
E01002477,9.978,8
E01002478,7.519,9
E01002479,19.628,5
E01002480,4.074,10
E01002481,19.065,5
E01002482,3.114,10
E01002483,9.321,8
E01002484,21.292,5
E01002485,15.274,6
E01002486,24.901,4
E01002487,24.08,4
E01002488,18.599,5
E01002489,15.991,6
E01002490,21.801,4
E01002491,26.093,4
E01002492,21.072,5
E01002493,31.917,3
E01002494,11.192,8
E01002495,10.037,8
E01002496,16.8,6
E01002497,15.001,6
E01002498,8.295,9
E01002499,12.74,7
E01002501,21.242,5
E01002502,29.205,3
E01002503,30.981,3
E01002504,25.275,4
E01002505,36.03,2
E01002506,32.981,3
E01002507,21.013,5
E01002508,34.585,2
E01002509,8.183,9
E01002511,23.569,4
E01002512,6.058,9
E01002513,12.172,7
E01002514,12.343,7
E01002515,21.833,4
E01002516,7.515,9
E01002518,10.195,8
E01002519,29.904,3
E01002520,19.737,5
E01002521,29.236,3
E01002523,17.141,6
E01002525,19.294,5
E01002526,28.751,3
E01002527,27.692,3
E01002528,35.075,2
E01002529,20.428,5
E01002530,35.344,2
E01002531,17.549,6
E01002532,28.501,3
E01002533,17.077,6
E01002534,9.663,8
E01002535,8.346,9
E01002536,9.06,8
E01002537,7.147,9
E01002538,12.169,7
E01002539,7.115,9
E01002540,27.799,3
E01002541,14.753,6
E01002542,29.802,3
E01002543,30.671,3
E01002544,14.322,6
E01002545,42.956,2
E01002546,19.602,5
E01002547,25.05,4
E01002548,32.004,3
E01002549,21.154,5
E01002550,29.539,3
E01002551,21.816,4
E01002552,29.289,3
E01002553,36.121,2
E01002554,27.843,3
E01032577,10.313,8
E01033724,10.113,8
E01033725,21.577,4
E01002555,14.607,6
E01002556,16.965,6
E01002557,25.437,4
E01002558,23.82,4
E01002559,25.75,4
E01002560,28.577,3
E01002561,34.677,2
E01002562,32.826,3
E01002563,15.794,6
E01002564,34.25,2
E01002565,18.186,5
E01002566,34.247,2
E01002567,21.331,5
E01002568,31.74,3
E01002569,9.196,8
E01002570,13.41,7
E01002571,5.356,10
E01002572,30.321,3
E01002573,12.117,7
E01002574,10.811,8
E01002575,7.341,9
E01002576,21.712,4
E01002577,12.295,7
E01002578,10.479,8
E01002579,9.854,8
E01002580,24.639,4
E01002581,11.422,7
E01002582,12.129,7
E01002583,23.659,4
E01002584,18.791,5
E01002585,28.48,3
E01002586,16.639,6
E01002587,24.141,4
E01002588,37.79,2
E01002589,23.215,4
E01002590,18.708,5
E01002591,21.737,4
E01002592,24.445,4
E01002593,23.759,4
E01002594,21.842,4
E01002595,27.052,3
E01002596,24.229,4
E01002598,25.724,4
E01002599,26.574,4
E01002600,27.138,3
E01002601,16.844,6
E01002602,15.557,6
E01002603,26.622,3
E01002604,35.261,2
E01002605,31.415,3
E01002606,38.199,2
E01002607,21.091,5
E01002608,30.406,3
E01002609,15.969,6
E01002610,26.724,3
E01002611,21.015,5
E01002612,26.874,3
E01002613,18.663,5
E01002614,14.622,6
E01002615,35.997,2
E01002616,17.155,6
E01002617,13.082,7
E01002618,16.027,6
E01002619,18.826,5
E01002620,25.894,4
E01002621,20.065,5
E01002622,22.887,4
E01002623,28.246,3
E01002624,21.671,4
E01002625,16.44,6
E01002626,18.608,5
E01002627,28.971,3
E01002628,17.193,6
E01002629,23.111,4
E01002630,17.06,6
E01002631,23.712,4
E01002632,19.386,5
E01002633,38.259,2
E01002634,32.83,3
E01002635,20.411,5
E01002636,16.552,6
E01002637,31.385,3
E01002638,30.834,3
E01002639,14.789,6
E01002640,18.568,5
E01002641,26.128,4
E01002642,21.183,5
E01002643,22.949,4
E01002645,25.375,4
E01002646,29.885,3
E01002647,23.875,4
E01002648,20.096,5
E01002649,26.623,3
E01002650,23.751,4
E01002651,19.225,5
E01002652,18.402,5
E01002653,14.702,6
E01002654,14.654,6
E01002655,12.671,7
E01002656,14.958,6
E01002657,8.719,8
E01002658,9.969,8
E01002659,14.745,6
E01002660,18.802,5
E01002661,16.528,6
E01002662,17.234,6
E01002663,21.955,4
E01002664,28.32,3
E01002665,23.173,4
E01002666,17.794,5
E01002667,20.952,5
E01002668,15.455,6
E01002669,38.698,2
E01002670,15.821,6
E01002671,17.739,5
E01002672,26.691,3
E01002673,49.21,1
E01002674,14.573,6
E01002675,13.828,7
E01002676,15.65,6
E01002677,19.551,5
E01002678,11.412,7
E01002679,13.359,7
E01002680,16.185,6
E01002681,26.437,4
E01002682,18.175,5
E01002683,12.087,7
E01002684,24.157,4
E01002686,37.807,2
E01002687,11.415,7
E01002689,19.261,5
E01002690,10.253,8
E01002691,10.73,8
E01002692,16.106,6
E01002693,15.502,6
E01032573,11.533,7
E01033000,36.05,2
E01033030,18.378,5
E01033081,24.31,4
E01033082,25.28,4
E01033083,19.67,5
E01033084,26.359,4
E01002694,42.957,2
E01002695,22.394,4
E01002696,20.191,5
E01002697,31.847,3
E01002698,17.454,6
E01002699,19.741,5
E01002700,13.447,7
E01002701,27.789,3
E01002702,29.535,3
E01002703,27.328,3
E01002704,22.281,4
E01002706,24.912,4
E01002707,25.684,4
E01002708,29.96,3
E01002709,35.167,2
E01002710,30.958,3
E01002711,21.801,4
E01002712,27.046,3
E01002713,44.476,1
E01002714,14.035,7
E01002715,38.505,2
E01002716,34.594,2
E01002717,22.402,4
E01002718,19.385,5
E01002719,16.71,6
E01002720,40.041,2
E01002721,28.168,3
E01002722,36.798,2
E01002723,28.536,3
E01002724,14.573,6
E01002725,29.084,3
E01002726,24.493,4
E01002727,26.051,4
E01002728,27.235,3
E01002729,31.027,3
E01002730,30.4,3
E01002731,24.496,4
E01002732,47.055,1
E01002733,18.532,5
E01002734,40.543,2
E01002735,33.51,2
E01002736,45.005,1
E01002737,35.801,2
E01002738,24.682,4
E01002739,17.378,6
E01002740,16.104,6
E01002741,34.846,2
E01002742,15.801,6
E01002743,19.06,5
E01002744,17.889,5
E01002745,15.807,6
E01002747,13.325,7
E01002748,39.897,2
E01002749,22.829,4
E01002751,38.0,2
E01002752,22.426,4
E01002753,29.443,3
E01002754,16.43,6
E01002755,39.869,2
E01002756,27.776,3
E01002757,24.102,4
E01002758,44.134,1
E01002759,20.645,5
E01002760,38.826,2
E01002762,20.717,5
E01002763,33.113,3
E01002764,30.946,3
E01002765,28.236,3
E01002766,31.553,3
E01002767,36.783,2
E01002768,29.312,3
E01002769,20.118,5
E01002770,29.977,3
E01002771,27.333,3
E01002772,28.721,3
E01002773,50.095,1
E01002774,30.891,3
E01002775,22.198,4
E01002776,32.142,3
E01002777,27.576,3
E01002778,39.066,2
E01002779,18.595,5
E01002780,26.351,4
E01002781,28.936,3
E01002782,37.168,2
E01002783,46.454,1
E01002784,34.3,2
E01002785,18.889,5
E01002786,36.106,2
E01002787,32.105,3
E01002788,16.985,6
E01002789,13.703,7
E01002790,42.268,2
E01002791,13.879,7
E01002792,16.098,6
E01002793,36.247,2
E01002794,22.216,4
E01002795,25.019,4
E01002796,23.575,4
E01002797,32.118,3
E01002798,21.479,5
E01002799,32.282,3
E01002800,38.934,2
E01002801,16.852,6
E01002802,25.903,4
E01002803,23.761,4
E01002804,37.376,2
E01002805,22.828,4
E01002806,26.952,3
E01002807,31.573,3
E01002808,24.642,4
E01002809,31.444,3
E01002810,33.321,2
E01002811,38.606,2
E01033486,37.609,2
E01033487,10.732,8
E01033488,32.982,3
E01033489,12.468,7
E01033490,19.576,5
E01033491,29.14,3
E01033492,30.044,3
E01033493,11.735,7
E01033494,16.599,6
E01002812,11.548,7
E01002813,10.093,8
E01002814,25.028,4
E01002815,18.289,5
E01002816,11.528,7
E01002817,10.4,8
E01002818,12.656,7
E01002819,11.072,8
E01002820,9.557,8
E01002821,10.933,8
E01002822,12.856,7
E01002823,28.418,3
E01002824,10.045,8
E01002825,9.697,8
E01002826,10.756,8
E01002827,12.075,7
E01002828,16.243,6
E01002829,34.531,2
E01002830,35.373,2
E01002831,36.708,2
E01002832,31.366,3
E01002833,19.197,5
E01002834,15.607,6
E01002835,10.461,8
E01002836,11.093,8
E01002837,13.106,7
E01002838,11.108,8
E01002839,25.779,4
E01002840,37.672,2
E01002841,26.462,4
E01002842,47.396,1
E01002843,42.608,2
E01002844,17.02,6
E01002845,21.021,5
E01002846,30.857,3
E01002847,22.142,4
E01002848,29.533,3
E01002849,17.215,6
E01002850,23.704,4
E01002851,39.773,2
E01002852,41.748,2
E01002853,57.097,1
E01002854,45.147,1
E01002855,45.479,1
E01002856,37.842,2
E01002857,59.009,1
E01002858,23.406,4
E01002859,10.18,8
E01002860,11.416,7
E01002861,15.041,6
E01002862,26.044,4
E01002863,9.933,8
E01002864,9.506,8
E01002865,7.26,9
E01002866,20.684,5
E01002867,22.328,4
E01002868,9.26,8
E01002869,19.675,5
E01002870,41.357,2
E01002871,11.335,7
E01002872,38.9,2
E01002873,19.842,5
E01002874,20.025,5
E01002875,14.928,6
E01002876,20.135,5
E01002877,41.177,2
E01002878,33.862,2
E01002879,41.706,2
E01002880,44.248,1
E01002881,40.49,2
E01002882,17.09,6
E01002883,11.744,7
E01002884,21.59,4
E01002885,19.621,5
E01002886,14.819,6
E01002887,12.569,7
E01002888,10.9,8
E01002889,8.169,9
E01002890,8.969,8
E01002891,9.515,8
E01002892,8.544,9
E01002893,21.771,4
E01002894,19.923,5
E01002895,11.214,8
E01002896,10.304,8
E01002897,15.663,6
E01002898,9.458,8
E01002899,21.45,5
E01002900,8.274,9
E01002901,16.507,6
E01002902,10.759,8
E01002903,7.616,9
E01002904,45.079,1
E01002905,44.52,1
E01002906,33.044,3
E01002907,52.561,1
E01002908,26.916,3
E01002909,29.726,3
E01002910,16.317,6
E01002911,12.544,7
E01002912,13.905,7
E01002913,18.046,5
E01002914,8.875,8
E01002915,8.064,9
E01002916,8.236,9
E01002917,4.073,10
E01002918,12.197,7
E01002919,15.611,6
E01002920,5.052,10
E01002921,15.232,6
E01002922,9.061,8
E01002923,30.061,3
E01002924,3.339,10
E01002925,11.459,7
E01002926,7.351,9
E01002927,12.635,7
E01002928,16.639,6
E01002929,8.833,8
E01002930,11.051,8
E01002931,11.45,7
E01002932,26.643,3
E01002933,15.439,6
E01002934,3.665,10
E01002935,8.24,9
E01002937,5.062,10
E01002938,4.776,10
E01002939,12.767,7
E01002940,18.071,5
E01002941,9.426,8
E01002942,10.777,8
E01002943,16.752,6
E01002944,13.363,7
E01002945,9.082,8
E01002946,8.721,8
E01002947,7.288,9
E01002948,17.875,5
E01002949,9.745,8
E01002950,17.972,5
E01002951,5.416,10
E01002952,6.26,9
E01002953,7.065,9
E01002954,12.215,7
E01002955,14.326,6
E01002956,7.327,9
E01002957,14.322,6
E01002958,6.841,9
E01002959,3.101,10
E01002960,6.07,9
E01002961,7.367,9
E01002962,12.943,7
E01002963,9.886,8
E01002964,17.289,6
E01002965,12.957,7
E01002966,9.456,8
E01002967,5.324,10
E01002968,14.52,6
E01002969,40.913,2
E01002970,21.15,5
E01002971,12.432,7
E01002972,13.608,7
E01002973,23.106,4
E01002974,13.924,7
E01002975,12.123,7
E01002976,8.143,9
E01002977,18.446,5
E01002978,7.414,9
E01002979,9.478,8
E01002980,7.43,9
E01002981,11.94,7
E01002982,13.639,7
E01002983,7.399,9
E01002984,17.185,6
E01002985,11.766,7
E01002986,12.627,7
E01002987,18.608,5
E01002988,6.657,9
E01002989,8.627,8
E01002990,7.626,9
E01002991,7.648,9
E01002992,6.631,9
E01002993,10.174,8
E01002994,7.883,9
E01002995,5.88,10
E01002996,7.571,9
E01002997,8.337,9
E01002998,14.437,6
E01002999,14.372,6
E01003000,19.425,5
E01003001,12.804,7
E01003002,17.542,6
E01003003,15.301,6
E01003004,10.869,8
E01003005,7.542,9
E01003006,7.813,9
E01003007,4.72,10
E01003008,3.164,10
E01003009,9.258,8
E01003010,4.323,10
E01003011,6.829,9
E01033568,13.113,7
E01033569,9.148,8
E01003013,12.271,7
E01003014,26.261,4
E01003015,26.682,3
E01003016,13.265,7
E01003017,23.436,4
E01003018,22.512,4
E01003019,18.843,5
E01003020,24.0,4
E01003021,33.319,2
E01003022,20.494,5
E01003023,19.316,5
E01003024,31.514,3
E01003025,21.733,4
E01003026,17.427,6
E01003027,10.074,8
E01003028,19.787,5
E01003029,19.197,5
E01003030,16.656,6
E01003031,23.596,4
E01003032,31.549,3
E01003033,14.91,6
E01003034,18.498,5
E01003035,24.936,4
E01003036,24.245,4
E01003037,38.342,2
E01003038,14.932,6
E01003039,10.643,8
E01003040,21.291,5
E01003041,34.66,2
E01003042,26.014,4
E01003043,23.727,4
E01003044,43.069,2
E01003045,38.842,2
E01003046,33.936,2
E01003047,39.632,2
E01003048,37.906,2
E01003049,39.746,2
E01003050,27.883,3
E01003051,36.268,2
E01003052,40.689,2
E01003053,23.236,4
E01003054,21.766,4
E01003055,34.093,2
E01003056,29.918,3
E01003057,36.558,2
E01003058,24.327,4
E01003059,39.166,2
E01003060,36.815,2
E01003061,37.895,2
E01003062,22.44,4
E01003063,37.714,2
E01003064,12.812,7
E01003065,41.077,2
E01003066,37.398,2
E01003067,20.479,5
E01003068,28.816,3
E01003069,32.698,3
E01003070,43.799,2
E01003071,16.108,6
E01003072,16.47,6
E01003073,30.231,3
E01003074,24.577,4
E01003075,42.602,2
E01003076,18.536,5
E01003077,19.571,5
E01003078,10.834,8
E01003079,30.785,3
E01003080,18.517,5
E01003081,29.721,3
E01003082,30.194,3
E01003083,19.665,5
E01003084,19.315,5
E01003085,16.358,6
E01003086,31.39,3
E01003087,42.482,2
E01003088,32.424,3
E01003089,31.444,3
E01003090,25.416,4
E01003091,23.431,4
E01003092,36.627,2
E01003093,33.26,2
E01003094,30.432,3
E01003095,19.761,5
E01003096,25.455,4
E01003097,32.154,3
E01003098,23.401,4
E01003099,26.601,3
E01003100,16.907,6
E01003101,28.222,3
E01003102,25.93,4
E01003104,24.638,4
E01003105,29.263,3
E01003106,27.175,3
E01003107,17.52,6
E01003108,33.192,3
E01003109,27.59,3
E01003110,17.446,6
E01003111,35.303,2
E01003112,29.912,3
E01003113,23.176,4
E01003114,22.363,4
E01003115,20.481,5
E01003116,20.465,5
E01003117,22.2,4
E01003118,22.781,4
E01003119,22.028,4
E01003120,32.875,3
E01003121,32.792,3
E01003122,25.76,4
E01003123,19.16,5
E01003124,29.873,3
E01003125,30.312,3
E01003126,28.68,3
E01003127,26.097,4
E01003128,34.369,2
E01003129,24.33,4
E01003130,17.362,6
E01003131,18.271,5
E01003132,32.169,3
E01003133,24.483,4
E01003134,19.56,5
E01003135,31.583,3
E01003136,23.279,4
E01003137,29.29,3
E01003138,10.639,8
E01003139,13.474,7
E01003140,16.888,6
E01003141,24.037,4
E01003142,18.167,5
E01003143,28.82,3
E01003144,17.38,6
E01003145,23.589,4
E01003146,25.101,4
E01003147,20.607,5
E01003148,18.954,5
E01003149,15.204,6
E01003150,26.483,4
E01003151,33.077,3
E01003152,13.041,7
E01003153,14.764,6
E01003154,28.223,3
E01003155,19.058,5
E01003156,18.606,5
E01003157,13.822,7
E01003158,7.631,9
E01003159,36.226,2
E01003160,29.257,3
E01003161,18.917,5
E01003162,27.304,3
E01003163,15.132,6
E01003164,28.097,3
E01003165,22.312,4
E01003166,17.894,5
E01003167,14.506,6
E01003168,40.412,2
E01003169,23.435,4
E01003170,12.457,7
E01003171,25.368,4
E01003172,30.645,3
E01003173,15.409,6
E01003174,33.582,2
E01003175,36.013,2
E01003176,35.216,2
E01003177,25.703,4
E01003178,21.709,4
E01003179,30.956,3
E01003180,22.411,4
E01003181,37.286,2
E01003182,26.612,3
E01003183,28.803,3
E01003184,33.439,2
E01003185,27.075,3
E01003186,19.78,5
E01003187,35.754,2
E01003188,38.438,2
E01032582,29.583,3
E01033207,38.088,2
E01033208,18.819,5
E01003189,43.296,2
E01003190,34.703,2
E01003191,34.906,2
E01003192,48.716,1
E01003193,31.206,3
E01003194,34.535,2
E01003195,20.602,5
E01003196,42.358,2
E01003197,43.555,2
E01003198,18.605,5
E01003199,13.477,7
E01003200,11.58,7
E01003201,28.226,3
E01003202,9.192,8
E01003203,24.646,4
E01003204,20.796,5
E01003205,36.269,2
E01003206,14.285,6
E01003207,36.749,2
E01003209,25.793,4
E01003210,22.25,4
E01003211,23.374,4
E01003212,22.918,4
E01003213,20.821,5
E01003214,26.267,4
E01003215,24.827,4
E01003216,22.725,4
E01003217,20.989,5
E01003218,15.773,6
E01003219,18.336,5
E01003220,25.046,4
E01003221,31.619,3
E01003222,22.103,4
E01003223,16.79,6
E01003224,22.095,4
E01003225,9.432,8
E01003226,16.774,6
E01003227,14.713,6
E01003228,18.146,5
E01003229,32.515,3
E01003230,21.999,4
E01003231,23.637,4
E01003232,12.297,7
E01003233,16.337,6
E01003235,28.429,3
E01003236,36.793,2
E01003237,30.552,3
E01003238,36.619,2
E01003239,34.432,2
E01003240,32.442,3
E01003241,33.099,3
E01003243,37.508,2
E01003244,29.181,3
E01003245,35.294,2
E01003246,40.956,2
E01003247,18.036,5
E01003248,30.754,3
E01003249,24.548,4
E01003250,30.08,3
E01003251,28.185,3
E01003252,39.521,2
E01003253,35.924,2
E01003254,12.229,7
E01003255,17.513,6
E01003256,30.358,3
E01003257,21.897,4
E01003258,31.215,3
E01003259,21.089,5
E01003260,14.438,6
E01003261,15.644,6
E01003262,19.131,5
E01003263,28.062,3
E01003264,26.433,4
E01003265,29.476,3
E01003266,39.337,2
E01003267,35.121,2
E01003268,22.889,4
E01003269,27.67,3
E01003270,11.532,7
E01003271,8.783,8
E01003272,18.848,5
E01003273,17.073,6
E01003274,17.032,6
E01003275,30.622,3
E01003276,20.711,5
E01003277,22.253,4
E01003278,26.151,4
E01003279,16.265,6
E01003280,26.957,3
E01003281,17.245,6
E01003282,23.443,4
E01003283,11.31,7
E01003284,19.337,5
E01003285,13.687,7
E01003286,30.194,3
E01003287,12.552,7
E01003288,30.802,3
E01003290,45.854,1
E01003291,44.99,1
E01003292,20.574,5
E01003293,28.053,3
E01003295,29.292,3
E01003296,28.631,3
E01003297,29.363,3
E01003298,32.141,3
E01003299,32.981,3
E01003300,33.853,2
E01003301,25.746,4
E01003302,31.65,3
E01003303,40.126,2
E01003304,35.961,2
E01003305,43.327,2
E01003307,19.336,5
E01003308,23.433,4
E01003309,32.138,3
E01003310,29.569,3
E01003311,17.357,6
E01003312,17.586,6
E01003313,35.351,2
E01003314,17.09,6
E01003315,27.35,3
E01003316,17.224,6
E01003317,28.027,3
E01003318,47.114,1
E01003319,31.239,3
E01003320,35.069,2
E01003321,32.198,3
E01003322,24.37,4
E01003323,34.133,2
E01003324,37.075,2
E01003325,36.329,2
E01003326,28.866,3
E01003327,16.422,6
E01003328,26.287,4
E01003329,19.169,5
E01003330,34.114,2
E01003331,26.871,3
E01003332,27.507,3
E01003333,24.816,4
E01003334,28.809,3
E01003335,33.691,2
E01003336,34.034,2
E01003337,33.273,2
E01003338,34.64,2
E01003339,26.452,4
E01003340,18.948,5
E01003341,20.72,5
E01003342,19.498,5
E01003343,21.817,4
E01003344,19.594,5
E01003345,16.681,6
E01003346,34.426,2
E01003347,44.725,1
E01003348,25.742,4
E01003349,33.222,3
E01003350,33.849,2
E01003351,37.163,2
E01003352,30.959,3
E01003353,21.578,4
E01003354,22.059,4
E01032564,40.061,2
E01032565,37.246,2
E01032579,36.046,2
E01033320,21.872,4
E01033322,22.616,4
E01033324,32.623,3
E01033325,19.826,5
E01033327,33.686,2
E01033341,31.554,3
E01003355,8.667,8
E01003356,5.985,9
E01003357,27.022,3
E01003358,5.46,10
E01003359,16.015,6
E01003360,7.498,9
E01003361,9.475,8
E01003362,8.165,9
E01003363,5.943,9
E01003364,6.669,9
E01003365,6.803,9
E01003366,18.396,5
E01003367,14.43,6
E01003368,16.576,6
E01003369,12.297,7
E01003370,13.142,7
E01003371,12.515,7
E01003372,26.568,4
E01003373,33.12,3
E01003374,31.166,3
E01003375,19.139,5
E01003376,25.138,4
E01003377,31.291,3
E01003378,18.396,5
E01003379,31.137,3
E01003380,5.789,10
E01003381,7.91,9
E01003382,7.547,9
E01003383,6.668,9
E01003384,8.033,9
E01003385,3.811,10
E01003386,15.919,6
E01003387,30.21,3
E01003388,25.835,4
E01003389,22.957,4
E01003390,33.578,2
E01003391,38.478,2
E01003392,17.066,6
E01003393,14.033,7
E01003394,16.083,6
E01003395,11.9,7
E01003396,12.299,7
E01003397,14.111,7
E01003398,15.226,6
E01003399,9.054,8
E01003400,6.798,9
E01003401,4.061,10
E01003402,4.692,10
E01003403,5.764,10
E01003404,8.846,8
E01003405,25.671,4
E01003406,22.95,4
E01003407,11.858,7
E01003408,11.874,7
E01003409,24.464,4
E01003410,21.572,4
E01003411,16.046,6
E01003412,22.716,4
E01003413,15.38,6
E01003414,13.702,7
E01003415,19.747,5
E01003416,14.135,7
E01003417,9.198,8
E01003418,6.707,9
E01003419,11.324,7
E01003420,9.184,8
E01003421,9.848,8
E01003422,9.163,8
E01003423,5.847,10
E01003424,3.788,10
E01003425,4.046,10
E01003426,10.223,8
E01003427,14.092,7
E01003428,9.369,8
E01003429,14.234,7
E01003430,30.873,3
E01003431,29.36,3
E01003432,40.359,2
E01003433,17.62,6
E01003434,13.002,7
E01003435,17.599,6
E01003436,25.62,4
E01003437,16.002,6
E01003438,26.908,3
E01003439,27.369,3
E01003440,23.077,4
E01003441,22.89,4
E01003442,5.222,10
E01003443,4.549,10
E01003444,5.39,10
E01003445,9.449,8
E01003446,10.115,8
E01003447,24.427,4
E01003448,24.584,4
E01003449,18.476,5
E01003450,28.091,3
E01003451,12.612,7
E01003452,27.017,3
E01003453,24.369,4
E01003454,5.551,10
E01003455,10.995,8
E01003456,12.785,7
E01003457,5.546,10
E01003458,6.013,9
E01003459,16.068,6
E01003460,9.005,8
E01003461,3.716,10
E01003462,6.885,9
E01003463,4.307,10
E01003464,6.098,9
E01003465,4.686,10
E01003466,4.599,10
E01003467,7.121,9
E01003468,4.513,10
E01003469,16.013,6
E01003470,9.521,8
E01003471,8.051,9
E01003472,3.806,10
E01003473,5.269,10
E01003474,4.548,10
E01003475,17.36,6
E01003476,11.723,7
E01003477,8.595,9
E01003478,6.496,9
E01003479,30.088,3
E01003480,24.019,4
E01003481,28.627,3
E01003482,27.209,3
E01003483,37.192,2
E01003484,22.723,4
E01003485,24.091,4
E01003486,47.765,1
E01003487,43.594,2
E01003488,40.69,2
E01003489,34.363,2
E01003490,31.017,3
E01003491,29.506,3
E01003492,24.941,4
E01003493,27.328,3
E01003494,21.333,5
E01003495,17.983,5
E01003496,28.548,3
E01003497,33.279,2
E01003498,33.218,3
E01003499,40.608,2
E01003500,34.325,2
E01003501,36.283,2
E01003502,36.469,2
E01003503,39.386,2
E01003506,45.294,1
E01003507,33.98,2
E01003508,36.928,2
E01003509,35.443,2
E01003511,35.284,2
E01003512,35.298,2
E01003513,22.174,4
E01003514,36.673,2
E01003515,47.7,1
E01003516,39.917,2
E01003517,46.731,1
E01003518,22.636,4
E01003519,29.409,3
E01003520,26.667,3
E01003521,28.488,3
E01003522,31.365,3
E01003523,31.507,3
E01003524,28.552,3
E01003525,30.664,3
E01003526,30.073,3
E01003527,19.947,5
E01003528,30.372,3
E01003529,23.37,4
E01003530,21.945,4
E01003531,29.192,3
E01003532,25.259,4
E01003533,27.567,3
E01003534,25.169,4
E01003535,42.56,2
E01003536,29.531,3
E01003537,25.312,4
E01003538,32.047,3
E01003539,27.345,3
E01003540,38.68,2
E01003541,27.163,3
E01003542,32.819,3
E01003543,23.221,4
E01003544,28.703,3
E01003545,27.152,3
E01003546,33.531,2
E01003547,18.936,5
E01003548,22.286,4
E01003549,25.608,4
E01003550,26.959,3
E01003551,34.983,2
E01003552,29.808,3
E01003553,35.838,2
E01003554,21.902,4
E01003555,25.848,4
E01003556,42.29,2
E01003557,36.797,2
E01003558,38.255,2
E01003559,20.714,5
E01003560,28.024,3
E01003561,23.743,4
E01003562,25.879,4
E01003563,27.104,3
E01003564,27.393,3
E01003565,25.412,4
E01003566,30.414,3
E01003567,32.133,3
E01003568,24.045,4
E01003569,27.715,3
E01003570,31.336,3
E01003571,27.983,3
E01003572,27.781,3
E01003573,27.069,3
E01003574,29.332,3
E01003575,29.833,3
E01003576,38.074,2
E01003577,40.868,2
E01003578,26.188,4
E01003579,28.483,3
E01003580,32.832,3
E01003581,26.783,3
E01003582,30.905,3
E01003583,28.482,3
E01003584,29.49,3
E01003585,27.968,3
E01003586,29.95,3
E01003587,28.048,3
E01003588,29.189,3
E01003589,26.805,3
E01003590,38.34,2
E01003591,34.139,2
E01003592,34.378,2
E01003593,32.672,3
E01003594,29.213,3
E01003595,29.76,3
E01003596,25.24,4
E01003597,25.676,4
E01003598,31.237,3
E01003599,31.152,3
E01003600,34.336,2
E01003601,37.186,2
E01003602,26.11,4
E01003603,22.804,4
E01003604,35.681,2
E01003605,29.461,3
E01003606,28.551,3
E01003607,30.506,3
E01003608,23.936,4
E01003609,23.035,4
E01003611,31.396,3
E01003615,27.328,3
E01003616,29.41,3
E01003617,30.044,3
E01003618,26.797,3
E01003619,35.297,2
E01003621,23.076,4
E01003622,33.739,2
E01003623,31.385,3
E01003624,31.648,3
E01003625,28.623,3
E01003626,23.921,4
E01003627,28.43,3
E01003628,21.405,5
E01003629,26.957,3
E01003630,29.832,3
E01003631,27.243,3
E01003632,20.975,5
E01003633,39.451,2
E01003634,31.094,3
E01003635,24.619,4
E01003636,32.341,3
E01003637,21.981,4
E01033574,17.02,6
E01033575,20.08,5
E01033576,24.456,4
E01033577,18.966,5
E01033578,27.216,3
E01033579,21.114,5
E01033580,8.919,8
E01033581,34.941,2
E01033582,14.606,6
E01033583,27.315,3
E01033584,41.55,2
E01033585,41.668,2
E01033586,34.463,2
E01003638,17.693,5
E01003639,20.275,5
E01003640,17.809,5
E01003641,14.28,6
E01003642,16.546,6
E01003643,11.343,7
E01003644,12.62,7
E01003645,19.419,5
E01003646,12.374,7
E01003647,13.468,7
E01003648,7.595,9
E01003649,9.01,8
E01003650,16.216,6
E01003651,11.315,7
E01003652,8.078,9
E01003653,14.35,6
E01003654,18.26,5
E01003655,10.104,8
E01003656,27.96,3
E01003657,12.312,7
E01003658,22.802,4
E01003659,10.666,8
E01003660,6.729,9
E01003661,18.026,5
E01003662,18.066,5
E01003663,15.078,6
E01003664,15.719,6
E01003665,11.889,7
E01003666,20.279,5
E01003668,8.929,8
E01003669,6.169,9
E01003670,9.549,8
E01003671,3.631,10
E01003672,17.186,6
E01003673,10.701,8
E01003674,8.999,8
E01003675,14.67,6
E01003676,10.273,8
E01003677,9.431,8
E01003678,9.727,8
E01003679,9.012,8
E01003680,7.709,9
E01003681,15.84,6
E01003682,8.29,9
E01003683,20.176,5
E01003684,18.413,5
E01003685,20.929,5
E01003686,26.378,4
E01003688,25.262,4
E01003689,31.258,3
E01003690,18.556,5
E01003691,13.561,7
E01003692,14.631,6
E01003693,14.247,6
E01003694,16.177,6
E01003695,22.931,4
E01003696,11.491,7
E01003697,17.925,5
E01003698,14.458,6
E01003699,13.898,7
E01003700,18.062,5
E01003701,16.423,6
E01003702,16.747,6
E01003703,14.522,6
E01003704,18.734,5
E01003705,14.277,6
E01003706,16.311,6
E01003707,15.526,6
E01003708,28.999,3
E01003709,9.673,8
E01003710,10.916,8
E01003711,16.89,6
E01003712,39.856,2
E01003713,17.315,6
E01003714,19.087,5
E01003715,19.475,5
E01003716,22.223,4
E01003718,18.677,5
E01003719,23.275,4
E01003720,30.716,3
E01003721,19.545,5
E01003722,24.506,4
E01003723,28.091,3
E01003724,18.246,5
E01003725,26.212,4
E01003726,31.711,3
E01003727,29.893,3
E01003728,29.17,3
E01003729,29.466,3
E01003730,23.485,4
E01003731,26.421,4
E01003732,33.926,2
E01003733,25.381,4
E01003734,22.036,4
E01003735,34.319,2
E01003736,25.007,4
E01003737,14.602,6
E01003738,14.155,7
E01003739,19.82,5
E01003740,18.38,5
E01003741,16.28,6
E01003742,15.083,6
E01003743,20.542,5
E01003744,8.383,9
E01003745,5.743,10
E01003746,4.117,10
E01003747,5.927,9
E01003748,4.929,10
E01003749,8.362,9
E01003750,12.172,7
E01003751,16.317,6
E01003752,12.74,7
E01003753,13.373,7
E01003754,13.011,7
E01003755,14.75,6
E01003756,16.868,6
E01003757,20.327,5
E01003758,21.133,5
E01003759,5.02,10
E01003760,15.006,6
E01003761,39.737,2
E01003762,14.079,7
E01003763,11.372,7
E01003764,14.111,7
E01003765,8.499,9
E01003766,19.514,5
E01003767,22.412,4
E01003768,29.257,3
E01003769,24.749,4
E01003770,16.679,6
E01003771,16.92,6
E01003772,17.275,6
E01003773,14.99,6
E01003774,8.887,8
E01003775,7.581,9
E01003776,23.873,4
E01003777,7.823,9
E01003778,9.642,8
E01003779,14.112,7
E01003780,5.828,10
E01003781,17.125,6
E01003782,21.961,4
E01003783,34.175,2
E01003784,18.41,5
E01003785,25.704,4
E01003786,12.992,7
E01003787,15.402,6
E01003788,24.91,4
E01003789,10.258,8
E01003790,16.218,6
E01003791,15.669,6
E01003792,11.304,7
E01003793,24.975,4
E01003794,7.939,9
E01003795,8.353,9
E01003796,9.481,8
E01032581,27.56,3
E01033589,15.334,6
E01033590,16.588,6
E01033591,30.489,3
E01033592,17.13,6
E01003797,5.944,9
E01003798,8.509,9
E01003799,7.18,9
E01003800,13.145,7
E01003801,4.028,10
E01003802,4.675,10
E01003803,23.823,4
E01003804,5.756,10
E01003805,3.697,10
E01003806,8.022,9
E01003807,7.831,9
E01003808,5.994,9
E01003809,6.067,9
E01003810,7.461,9
E01003811,5.515,10
E01003812,7.792,9
E01003813,4.739,10
E01003814,8.961,8
E01003815,8.914,8
E01003816,12.147,7
E01003817,11.002,8
E01003818,7.107,9
E01003819,28.717,3
E01003820,11.453,7
E01003821,5.143,10
E01003822,2.997,10
E01003823,7.241,9
E01003824,4.594,10
E01003825,3.249,10
E01003826,22.898,4
E01003827,8.485,9
E01003828,6.069,9
E01003829,26.698,3
E01003830,9.449,8
E01003831,10.154,8
E01003832,37.019,2
E01003833,16.556,6
E01003834,7.292,9
E01003835,4.465,10
E01003836,12.983,7
E01003837,7.835,9
E01003838,7.339,9
E01003839,13.14,7
E01003840,14.808,6
E01003841,26.04,4
E01003842,20.358,5
E01003843,15.73,6
E01003844,9.207,8
E01003845,9.314,8
E01003846,4.171,10
E01003847,6.72,9
E01003848,11.354,7
E01003849,8.448,9
E01003851,5.879,10
E01003852,13.631,7
E01003853,11.466,7
E01003854,7.824,9
E01003855,19.172,5
E01003856,6.295,9
E01003857,5.533,10
E01003858,3.877,10
E01003859,6.736,9
E01003860,9.269,8
E01003861,8.226,9
E01003862,17.786,5
E01003863,18.695,5
E01003864,7.131,9
E01003865,11.466,7
E01003866,3.804,10
E01003867,11.779,7
E01003868,5.583,10
E01003869,5.06,10
E01003870,5.807,10
E01003871,4.824,10
E01003872,7.634,9
E01003873,7.46,9
E01003874,5.246,10
E01003875,7.33,9
E01003876,6.706,9
E01003877,6.021,9
E01003878,19.583,5
E01003879,5.901,10
E01003880,6.098,9
E01003881,4.598,10
E01003882,6.198,9
E01003883,4.784,10
E01003884,5.571,10
E01003885,6.094,9
E01003886,3.466,10
E01003887,4.573,10
E01003888,13.591,7
E01003889,4.826,10
E01003890,6.593,9
E01003891,2.666,10
E01003892,3.779,10
E01003893,6.7,9
E01003894,4.823,10
E01003895,8.016,9
E01003896,7.551,9
E01003897,8.295,9
E01003898,7.887,9
E01003899,5.147,10
E01003900,21.164,5
E01003901,7.055,9
E01003902,5.894,10
E01003903,13.193,7
E01003904,10.731,8
E01003905,7.581,9
E01003906,12.068,7
E01003907,20.973,5
E01003908,6.907,9
E01003909,7.634,9
E01003910,6.487,9
E01033570,15.262,6
E01033571,13.495,7
E01003911,29.823,3
E01003912,40.627,2
E01003913,19.198,5
E01003914,21.514,5
E01003915,28.036,3
E01003916,24.749,4
E01003917,30.163,3
E01003918,34.58,2
E01003919,23.585,4
E01003920,32.296,3
E01003921,39.685,2
E01003922,30.64,3
E01003923,26.667,3
E01003924,31.183,3
E01003925,32.72,3
E01003926,31.441,3
E01003927,16.421,6
E01003929,22.973,4
E01003930,28.921,3
E01003932,38.967,2
E01003933,33.607,2
E01003934,18.616,5
E01003935,21.011,5
E01003936,14.247,6
E01003937,24.291,4
E01003938,31.171,3
E01003939,20.471,5
E01003940,33.392,2
E01003941,18.245,5
E01003942,31.341,3
E01003943,40.136,2
E01003945,16.412,6
E01003946,17.006,6
E01003947,36.138,2
E01003948,17.282,6
E01003949,17.081,6
E01003950,27.465,3
E01003951,16.049,6
E01003952,15.594,6
E01003953,18.641,5
E01003954,17.262,6
E01003955,18.283,5
E01003956,11.825,7
E01003957,14.122,7
E01003958,16.322,6
E01003960,27.356,3
E01003961,37.844,2
E01003963,39.212,2
E01003964,35.378,2
E01003966,33.346,2
E01003967,31.354,3
E01003968,46.579,1
E01003969,24.1,4
E01003970,38.992,2
E01003971,50.411,1
E01003972,27.729,3
E01003973,29.812,3
E01003974,35.37,2
E01003975,31.043,3
E01003976,30.428,3
E01003977,27.452,3
E01003978,22.926,4
E01003979,29.514,3
E01003980,32.853,3
E01003981,26.493,4
E01003983,31.14,3
E01003984,35.23,2
E01003986,38.146,2
E01003987,34.241,2
E01003988,31.655,3
E01003989,28.863,3
E01003990,31.077,3
E01003991,39.26,2
E01003992,32.416,3
E01003993,28.38,3
E01003994,35.666,2
E01003995,35.076,2
E01003997,30.268,3
E01003998,25.146,4
E01003999,24.487,4
E01004000,27.983,3
E01004001,35.784,2
E01004002,17.58,6
E01004003,35.58,2
E01004004,31.644,3
E01004005,45.149,1
E01004006,26.449,4
E01004007,39.431,2
E01004008,34.841,2
E01004010,32.313,3
E01004011,30.983,3
E01004012,27.301,3
E01004013,39.137,2
E01004014,33.895,2
E01004015,22.806,4
E01004016,20.176,5
E01004017,15.612,6
E01004018,11.302,7
E01004019,24.043,4
E01004020,28.028,3
E01004021,14.812,6
E01004022,24.603,4
E01004023,28.547,3
E01004024,31.179,3
E01004027,19.542,5
E01004028,26.416,4
E01004029,12.382,7
E01004030,24.934,4
E01004031,25.963,4
E01004032,8.261,9
E01004033,27.067,3
E01004034,25.711,4
E01004035,36.203,2
E01004036,31.501,3
E01004037,25.892,4
E01004038,22.29,4
E01004039,22.583,4
E01004040,39.89,2
E01004041,27.397,3
E01004042,45.391,1
E01004043,26.395,4
E01004044,31.112,3
E01004045,27.322,3
E01004046,17.334,6
E01004047,24.36,4
E01004048,20.516,5
E01004049,16.687,6
E01004050,14.511,6
E01004051,9.731,8
E01004052,15.763,6
E01004053,8.683,8
E01004054,8.354,9
E01004055,38.922,2
E01004056,19.671,5
E01004057,21.669,4
E01004058,8.41,9
E01004059,17.254,6
E01004060,31.991,3
E01004061,21.531,5
E01004062,29.363,3
E01004063,27.404,3
E01004064,30.525,3
E01004065,19.287,5
E01004066,23.913,4
E01004067,35.543,2
E01004068,34.366,2
E01004069,9.326,8
E01004070,13.134,7
E01004071,18.227,5
E01004072,9.199,8
E01004073,8.556,9
E01004074,9.778,8
E01004075,8.625,8
E01032583,30.177,3
E01032584,28.127,3
E01032637,10.025,8
E01032638,5.629,10
E01032639,22.737,4
E01032640,9.755,8
E01032646,13.999,7
E01032719,26.037,4
E01032720,49.164,1
E01032722,36.878,2
E01032803,16.067,6
E01032805,37.664,2
E01032834,9.09,8
E01004076,18.319,5
E01004077,13.521,7
E01004078,15.61,6
E01004079,8.556,9
E01004080,9.86,8
E01004081,12.414,7
E01004082,5.317,10
E01004083,44.327,1
E01004084,5.77,10
E01004085,8.478,9
E01004086,15.277,6
E01004087,5.727,10
E01004088,43.226,2
E01004089,35.547,2
E01004090,34.411,2
E01004091,4.563,10
E01004092,7.536,9
E01004093,5.418,10
E01004094,4.481,10
E01004095,5.625,10
E01004096,18.894,5
E01004097,4.804,10
E01004098,5.989,9
E01004099,21.103,5
E01004100,7.356,9
E01004101,4.687,10
E01004102,10.815,8
E01004103,8.235,9
E01004104,4.084,10
E01004105,5.081,10
E01004106,3.091,10
E01004107,12.514,7
E01004108,13.133,7
E01004109,14.737,6
E01004110,9.204,8
E01004111,10.447,8
E01004112,2.793,10
E01004114,4.659,10
E01004115,6.163,9
E01004116,6.392,9
E01004117,4.051,10
E01004118,9.787,8
E01004119,9.583,8
E01004120,4.752,10
E01004121,8.307,9
E01004122,5.319,10
E01004123,28.156,3
E01004124,23.237,4
E01004125,31.639,3
E01004126,31.361,3
E01004127,19.777,5
E01004128,23.682,4
E01004129,34.12,2
E01004130,10.222,8
E01004131,11.154,8
E01004132,6.647,9
E01004133,6.482,9
E01004134,11.832,7
E01004135,7.552,9
E01004136,8.396,9
E01004137,16.018,6
E01004138,14.166,7
E01004139,9.611,8
E01004140,33.998,2
E01004141,21.087,5
E01004142,25.999,4
E01004143,11.79,7
E01004144,8.77,8
E01004145,12.273,7
E01004146,12.483,7
E01004147,9.428,8
E01004148,23.361,4
E01004149,9.979,8
E01004150,21.634,4
E01004151,14.853,6
E01004152,14.903,6
E01004153,13.116,7
E01004154,4.873,10
E01004155,8.123,9
E01004156,9.004,8
E01004157,3.327,10
E01004158,7.905,9
E01004159,14.179,7
E01004160,9.329,8
E01004161,8.007,9
E01004162,11.476,7
E01004163,14.594,6
E01004164,12.098,7
E01004165,16.373,6
E01004166,11.417,7
E01004167,31.388,3
E01004168,8.689,8
E01004169,27.196,3
E01004170,10.215,8
E01004171,6.369,9
E01004172,20.888,5
E01004173,13.552,7
E01004174,17.325,6
E01004175,10.891,8
E01004176,11.911,7
E01004177,18.938,5
E01004178,17.18,6
E01004179,7.235,9
E01004180,5.028,10
E01004181,16.45,6
E01004182,25.061,4
E01004183,28.494,3
E01004184,29.765,3
E01004185,43.208,2
E01004186,13.757,7
E01004187,22.532,4
E01004188,13.983,7
E01004189,28.594,3
E01004190,4.657,10
E01004191,7.762,9
E01004192,11.343,7
E01004193,12.377,7
E01004194,11.041,8
E01004195,9.504,8
E01004196,5.776,10
E01032623,2.751,10
E01004197,27.495,3
E01004198,42.068,2
E01004199,43.877,1
E01004200,27.239,3
E01004201,25.908,4
E01004202,25.423,4
E01004203,28.299,3
E01004204,33.995,2
E01004205,37.904,2
E01004206,43.126,2
E01004207,34.765,2
E01004208,25.084,4
E01004209,42.475,2
E01004211,31.539,3
E01004212,24.876,4
E01004214,35.567,2
E01004215,17.411,6
E01004216,14.112,7
E01004217,22.505,4
E01004218,12.658,7
E01004219,33.685,2
E01004221,18.973,5
E01004222,37.724,2
E01004223,35.516,2
E01004224,31.203,3
E01004225,20.839,5
E01004226,28.641,3
E01004228,21.888,4
E01004229,25.746,4
E01004230,27.77,3
E01004231,32.526,3
E01004232,20.727,5
E01004233,31.122,3
E01004234,24.249,4
E01004235,32.56,3
E01004236,38.698,2
E01004237,29.74,3
E01004238,30.706,3
E01004239,41.301,2
E01004240,31.696,3
E01004241,36.941,2
E01004242,26.689,3
E01004243,36.13,2
E01004244,43.233,2
E01004245,46.457,1
E01004246,29.919,3
E01004247,41.665,2
E01004248,43.068,2
E01004249,43.123,2
E01004250,39.575,2
E01004251,28.656,3
E01004252,35.19,2
E01004253,28.245,3
E01004254,18.74,5
E01004255,34.736,2
E01004256,35.605,2
E01004257,32.994,3
E01004258,21.968,4
E01004259,26.215,4
E01004260,32.227,3
E01004261,25.849,4
E01004262,29.288,3
E01004263,32.958,3
E01004264,34.313,2
E01004266,26.897,3
E01004267,32.998,3
E01004268,34.358,2
E01004269,32.249,3
E01004270,22.295,4
E01004271,31.028,3
E01004272,35.145,2
E01004273,36.777,2
E01004274,24.191,4
E01004275,13.794,7
E01004276,5.371,10
E01004277,7.917,9
E01004280,25.118,4
E01004281,8.22,9
E01004283,29.565,3
E01004284,31.368,3
E01004285,39.744,2
E01004286,36.494,2
E01004287,29.947,3
E01004288,37.996,2
E01004289,34.596,2
E01004290,28.558,3
E01004291,9.872,8
E01004292,7.73,9
E01004293,8.793,8
E01004294,18.648,5
E01004295,31.081,3
E01004296,26.077,4
E01004297,9.299,8
E01004298,41.255,2
E01004300,36.677,2
E01004301,35.818,2
E01004302,25.269,4
E01004303,23.954,4
E01004304,38.469,2
E01004305,30.888,3
E01004306,36.699,2
E01004307,14.037,7
E01004308,28.761,3
E01004309,38.451,2
E01004310,37.267,2
E01004311,38.758,2
E01004312,39.603,2
E01004313,24.564,4
E01004314,21.635,4
E01004315,32.576,3
E01004316,39.089,2
E01004317,27.603,3
E01004318,35.903,2
E01004319,32.582,3
E01004321,33.782,2
E01004322,32.255,3
E01004323,27.821,3
E01004324,37.489,2
E01004325,24.528,4
E01004326,26.259,4
E01032764,22.225,4
E01032765,28.215,3
E01032766,19.785,5
E01032767,11.859,7
E01032768,12.944,7
E01032769,17.995,5
E01032770,16.648,6
E01032771,13.182,7
E01032772,23.845,4
E01032773,14.374,6
E01032774,30.236,3
E01032775,9.375,8
E01032776,9.775,8
E01032777,18.527,5
E01032778,17.421,6
E01032779,17.288,6
E01032780,16.174,6
E01032781,12.666,7
E01032782,19.565,5
E01032783,17.654,5
E01032784,22.78,4
E01032785,20.779,5
E01032786,26.705,3
E01032787,34.191,2
E01004327,30.077,3
E01004328,23.151,4
E01004329,23.702,4
E01004330,16.923,6
E01004331,22.836,4
E01004332,28.195,3
E01004333,27.949,3
E01004334,44.7,1
E01004335,39.67,2
E01004336,24.337,4
E01004337,26.107,4
E01004338,19.373,5
E01004339,24.516,4
E01004340,43.177,2
E01004341,32.124,3
E01004342,22.387,4
E01004343,15.753,6
E01004344,30.519,3
E01004345,20.885,5
E01004346,18.181,5
E01004347,15.495,6
E01004348,18.169,5
E01004349,29.854,3
E01004350,28.615,3
E01004351,15.035,6
E01004352,10.412,8
E01004353,16.068,6
E01004354,13.633,7
E01004355,25.177,4
E01004356,25.903,4
E01004357,17.614,6
E01004358,22.079,4
E01004359,12.677,7
E01004360,13.149,7
E01004361,15.397,6
E01004362,23.288,4
E01004363,19.357,5
E01004364,32.04,3
E01004365,29.303,3
E01004366,19.553,5
E01004367,27.28,3
E01004368,21.837,4
E01004369,15.818,6
E01004370,14.491,6
E01004371,20.617,5
E01004372,11.815,7
E01004373,25.577,4
E01004374,17.097,6
E01004375,20.785,5
E01004376,22.168,4
E01004377,19.845,5
E01004378,22.983,4
E01004379,11.817,7
E01004380,22.668,4
E01004381,15.405,6
E01004382,38.703,2
E01004383,14.955,6
E01004384,32.114,3
E01004385,33.462,2
E01004386,8.937,8
E01004387,7.179,9
E01004388,19.354,5
E01004389,31.036,3
E01004390,34.954,2
E01004391,21.317,5
E01004392,26.237,4
E01004393,21.831,4
E01004394,36.022,2
E01004395,17.268,6
E01004396,19.912,5
E01004397,26.872,3
E01004398,37.907,2
E01004399,47.476,1
E01004400,29.213,3
E01004401,22.183,4
E01004402,32.696,3
E01004403,30.776,3
E01004404,28.71,3
E01004405,28.415,3
E01004406,22.458,4
E01004407,41.22,2
E01004408,23.297,4
E01004409,27.417,3
E01004410,34.24,2
E01004411,26.46,4
E01004412,18.448,5
E01004413,32.226,3
E01004414,21.52,5
E01004415,26.422,4
E01004416,22.953,4
E01004417,23.066,4
E01004418,19.401,5
E01004419,21.127,5
E01004420,42.117,2
E01004421,25.042,4
E01004422,26.887,3
E01004423,35.995,2
E01004424,37.256,2
E01004425,25.839,4
E01004426,25.371,4
E01004427,21.595,4
E01004428,39.593,2
E01004429,23.261,4
E01004430,24.388,4
E01004432,26.399,4
E01004434,27.787,3
E01004435,29.027,3
E01004436,26.601,3
E01004437,25.659,4
E01004438,20.924,5
E01004439,19.011,5
E01004440,25.946,4
E01004441,18.76,5
E01004442,13.797,7
E01004443,31.365,3
E01004444,34.282,2
E01004445,28.771,3
E01004446,23.406,4
E01004447,16.828,6
E01004448,26.678,3
E01004449,46.275,1
E01004450,15.897,6
E01004451,16.07,6
E01004452,24.84,4
E01004453,25.765,4
E01004454,24.382,4
E01004455,29.351,3
E01004456,42.734,2
E01004457,20.481,5
E01004458,26.207,4
E01004459,43.377,2
E01004460,29.841,3
E01004461,15.24,6
E01004462,23.842,4
E01004463,14.978,6
E01004464,37.506,2
E01004465,18.111,5
E01004466,14.801,6
E01004467,29.626,3
E01004468,17.863,5
E01004469,39.486,2
E01004470,34.263,2
E01004471,32.772,3
E01033153,38.058,2
E01004472,9.879,8
E01004473,11.875,7
E01004474,17.524,6
E01004475,15.977,6
E01004476,13.593,7
E01004477,5.093,10
E01004478,4.363,10
E01004479,10.238,8
E01004480,7.239,9
E01004481,15.155,6
E01004482,15.123,6
E01004483,14.025,7
E01004484,18.333,5
E01004485,16.136,6
E01004486,17.646,6
E01004487,21.375,5
E01004488,14.58,6
E01004489,26.942,3
E01004490,7.244,9
E01004491,14.207,7
E01004492,15.53,6
E01004493,13.604,7
E01004494,19.102,5
E01004495,23.496,4
E01004496,11.991,7
E01004497,16.446,6
E01004498,8.707,8
E01004499,13.847,7
E01004500,10.92,8
E01004501,17.726,5
E01004502,9.379,8
E01004503,18.546,5
E01004504,9.832,8
E01004505,7.752,9
E01004506,9.478,8
E01004507,8.65,8
E01004508,10.753,8
E01004509,15.768,6
E01004510,8.768,8
E01004511,8.087,9
E01004512,12.491,7
E01004513,18.296,5
E01004514,9.256,8
E01004515,14.846,6
E01004516,12.313,7
E01004517,14.927,6
E01004518,13.045,7
E01004519,16.635,6
E01004520,16.54,6
E01004521,16.432,6
E01004522,18.304,5
E01004523,19.06,5
E01004524,35.049,2
E01004525,21.561,4
E01004526,22.8,4
E01004527,15.258,6
E01004528,28.667,3
E01004529,13.45,7
E01004530,15.181,6
E01004531,25.305,4
E01004532,16.141,6
E01004533,27.038,3
E01004534,13.523,7
E01004535,37.698,2
E01004536,23.52,4
E01004537,33.441,2
E01004538,25.102,4
E01004539,34.145,2
E01004540,26.388,4
E01004541,38.578,2
E01004542,6.98,9
E01004543,7.903,9
E01004544,12.086,7
E01004545,10.551,8
E01004546,6.62,9
E01004547,20.336,5
E01004548,17.492,6
E01004549,19.334,5
E01004550,13.202,7
E01004551,17.486,6
E01004552,10.655,8
E01004553,11.274,8
E01004554,6.516,9
E01004555,4.844,10
E01004556,4.709,10
E01004557,8.329,9
E01004558,5.821,10
E01004559,7.589,9
E01004560,17.433,6
E01004562,29.861,3
E01004563,30.537,3
E01004564,18.491,5
E01004565,19.254,5
E01004566,11.738,7
E01004567,31.614,3
E01004568,23.695,4
E01004569,24.659,4
E01004570,33.572,2
E01004571,24.607,4
E01004572,22.976,4
E01004573,27.314,3
E01004574,34.899,2
E01004575,29.395,3
E01004576,26.61,3
E01004577,14.287,6
E01004579,18.872,5
E01004580,18.717,5
E01004581,15.428,6
E01004582,9.047,8
E01004583,12.262,7
E01004584,32.114,3
E01004585,10.139,8
E01004586,10.15,8
E01004587,8.468,9
E01004588,12.896,7
E01004589,7.633,9
E01004590,25.382,4
E01004591,18.629,5
E01004592,25.647,4
E01004593,8.54,9
E01004594,5.248,10
E01004595,8.241,9
E01004596,6.139,9
E01004597,11.97,7
E01004598,8.252,9
E01004599,3.568,10
E01004600,27.898,3
E01004601,19.4,5
E01004602,9.577,8
E01004604,7.81,9
E01004605,12.649,7
E01004606,6.039,9
E01004607,6.918,9
E01004608,15.701,6
E01004609,11.246,8
E01004610,19.919,5
E01004611,15.858,6
E01004612,21.038,5
E01004613,32.542,3
E01004614,17.52,6
E01004615,37.117,2
E01004616,16.16,6
E01004617,22.718,4
E01004618,13.315,7
E01004619,13.597,7
E01004620,13.595,7
E01004621,16.179,6
E01004622,21.096,5
E01004623,8.842,8
E01004624,19.498,5
E01004625,7.552,9
E01004626,14.008,7
E01004627,10.143,8
E01004628,23.386,4
E01004629,8.717,8
E01004630,29.906,3
E01004631,20.805,5
E01004632,8.395,9
E01004633,26.263,4
E01004634,12.856,7
E01004635,13.215,7
E01004636,15.699,6
E01004637,14.919,6
E01004638,6.727,9
E01004639,10.4,8
E01004640,5.165,10
E01004641,19.668,5
E01004642,22.167,4
E01004643,21.764,4
E01004644,18.179,5
E01004645,28.701,3
E01033093,12.511,7
E01033098,17.461,6
E01033099,21.195,5
E01033100,27.088,3
E01033101,8.267,9
E01033132,29.475,3
E01033133,12.781,7
E01033135,5.652,10
E01004646,14.374,6
E01004647,16.324,6
E01004648,10.456,8
E01004649,6.385,9
E01004650,5.964,9
E01004651,9.221,8
E01004652,15.871,6
E01004653,10.84,8
E01004654,12.798,7
E01004656,23.605,4
E01004657,11.499,7
E01004658,15.648,6
E01004659,7.589,9
E01004660,8.583,9
E01004661,20.233,5
E01004662,12.001,7
E01004663,17.986,5
E01004665,36.498,2
E01004666,26.096,4
E01004667,30.083,3
E01004668,18.423,5
E01004669,30.923,3
E01004670,48.003,1
E01004674,34.303,2
E01004675,33.045,3
E01004676,21.229,5
E01004677,22.942,4
E01004678,24.677,4
E01004679,32.133,3
E01004680,11.027,8
E01004681,12.054,7
E01004682,14.246,6
E01004683,8.566,9
E01004684,21.313,5
E01004686,23.844,4
E01004687,6.967,9
E01004688,5.319,10
E01004689,15.963,6
E01004690,5.445,10
E01004691,10.967,8
E01004692,6.602,9
E01004693,12.614,7
E01004694,8.45,9
E01004695,12.739,7
E01004696,32.394,3
E01004697,16.233,6
E01004698,19.958,5
E01004699,14.726,6
E01004700,11.301,7
E01004701,9.41,8
E01004702,42.113,2
E01004703,10.512,8
E01004705,5.344,10
E01004706,7.391,9
E01004707,3.915,10
E01004708,22.865,4
E01004709,20.127,5
E01004710,31.131,3
E01004711,24.274,4
E01004712,11.061,8
E01004713,7.513,9
E01004714,10.268,8
E01004715,15.84,6
E01004716,7.362,9
E01004717,12.041,7
E01004718,29.795,3
E01004719,28.56,3
E01004720,32.043,3
E01004721,38.504,2
E01004722,35.96,2
E01004723,29.307,3
E01004724,10.86,8
E01004725,27.158,3
E01004726,9.4,8
E01004727,10.116,8
E01004728,14.858,6
E01004729,25.605,4
E01004730,6.582,9
E01004731,10.008,8
E01004732,43.66,2
E01004733,18.171,5
E01004734,30.2,3
E01004735,35.28,2
E01004736,9.719,8
E01004737,20.233,5
E01004738,9.473,8
E01004739,9.446,8
E01004740,33.582,2
E01004741,20.616,5
E01004742,11.205,8
E01004743,20.842,5
E01004744,25.478,4
E01004745,16.175,6
E01004746,27.661,3
E01004747,22.157,4
E01004748,8.835,8
E01004749,13.225,7
E01004750,18.907,5
E01004751,10.367,8
E01004752,22.513,4
E01004753,16.395,6
E01004754,45.911,1
E01004755,28.633,3
E01004756,22.8,4
E01004757,40.501,2
E01004760,24.998,4
E01004761,8.467,9
E01004762,10.467,8
E01004763,23.381,4
E01004765,18.728,5
E01032512,43.654,2
E01032513,35.818,2
E01033593,26.944,3
E01033594,29.28,3
E01033595,17.629,6
E01033596,25.663,4
E01033597,26.867,3
E01033598,52.17,1
E01033599,30.568,3
E01033600,10.911,8
E01033601,32.17,3
E01033602,40.99,2
E01033603,38.062,2
E01033604,33.467,2
E01033605,40.54,2
E01033606,14.013,7
E01033607,22.192,4
E01033608,15.129,6
