LSOA11CD,ptal_score
E01000001,69.8233
E01000002,83.782
E01000003,41.7417
E01000005,85.8893
E01000006,22.4558
E01000007,33.3023
E01000008,7.39059
E01000009,38.3641
E01000010,32.286
E01000011,31.9167
E01000012,16.2314
E01000013,13.1449
E01000014,7.46001
E01000015,8.29508
E01000016,5.11561
E01000017,8.20281
E01000018,7.37822
E01000019,4.58686
E01000020,6.75302
E01000021,4.86539
E01000022,6.39859
E01000023,7.01491
E01000024,7.43551
E01000025,5.75121
E01000027,3.85844
E01000028,3.01489
E01000029,2.5171
E01000030,4.82101
E01000031,4.07693
E01000032,6.6856
E01000033,3.91504
E01000034,3.51145
E01000035,6.7778
E01000036,7.34586
E01000037,2.32273
E01000038,8.36135
E01000039,1.99736
E01000040,9.00812
E01000041,5.72093
E01000042,8.48745
E01000043,7.26782
E01000044,8.7118
E01000045,7.08704
E01000046,6.09177
E01000048,8.13742
E01000049,7.73561
E01000050,23.446
E01000051,13.4392
E01000052,7.91239
E01000053,5.84284
E01000054,6.31438
E01000055,7.7862
E01000056,1.62771
E01000057,9.98087
E01000058,7.25869
E01000059,5.43468
E01000060,4.72838
E01000061,7.36381
E01000062,4.4875
E01000063,7.42822
E01000064,4.11487
E01000065,5.82993
E01000066,3.48363
E01000067,5.81071
E01000068,16.9529
E01000069,8.91029
E01000070,9.08794
E01000071,8.50495
E01000072,3.4708
E01000073,3.68102
E01000074,5.22423
E01000075,9.06998
E01000076,5.92267
E01000077,7.48654
E01000078,6.90947
E01000079,5.87476
E01000080,5.88791
E01000081,4.9585
E01000082,4.94285
E01000083,7.38619
E01000084,13.9159
E01000085,13.5581
E01000086,11.3246
E01000087,7.1013
E01000088,4.09005
E01000089,3.14651
E01000090,3.1872
E01000091,4.69844
E01000092,2.50159
E01000093,4.76951
E01000094,3.08911
E01000095,3.88439
E01000096,3.51993
E01000097,14.5706
E01000098,11.0563
E01000099,9.59104
E01000100,4.91511
E01000101,8.70126
E01000102,5.78336
E01000103,3.04832
E01000104,8.24809
E01000105,8.9166
E01000106,4.76699
E01000107,2.67607
E01000108,9.5896
E01000109,4.30923
E01000110,5.20468
E01000111,5.31493
E01000112,9.71421
E01000113,14.5377
E01000114,5.97464
E01000115,7.01025
E01000116,5.3088
E01000117,5.74797
E01000118,5.74361
E01000119,8.40527
E01000120,7.20748
E01000121,3.31441
E01000122,3.91162
E01000123,5.58762
E01000124,12.9099
E01000125,12.3823
E01000126,4.62348
E01000127,14.6656
E01000128,14.6214
E01000129,20.5564
E01000130,9.84947
E01000131,8.7169
E01000132,10.0333
E01000133,11.5425
E01000134,11.0418
E01000135,14.616
E01000136,11.6318
E01000137,11.4895
E01000138,10.2718
E01000139,10.1868
E01000140,14.5111
E01000141,17.3824
E01000142,12.9837
E01000143,13.9178
E01000144,24.4656
E01000145,12.0305
E01000146,30.0335
E01000147,4.9307
E01000148,11.2697
E01000150,5.09996
E01000151,4.13997
E01000152,3.94988
E01000153,5.49369
E01000154,9.27649
E01000155,12.0205
E01000156,8.16457
E01000157,4.75052
E01000158,6.74756
E01000159,4.51445
E01000160,7.35754
E01000161,9.4314
E01000162,10.2149
E01000163,3.79625
E01000164,7.30712
E01000165,8.8973
E01000166,5.24531
E01000167,1.79421
E01000168,6.79275
E01000169,6.72274
E01000170,8.01471
E01000171,11.3282
E01000172,3.48235
E01000173,3.15452
E01000174,9.69772
E01000175,5.88037
E01000176,3.71903
E01000177,5.02878
E01000178,4.0344
E01000179,3.10387
E01000180,8.57823
E01000181,14.1528
E01000182,14.5049
E01000183,2.92704
E01000184,1.93827
E01000185,2.90637
E01000186,7.95126
E01000187,4.09808
E01000188,0.980628
E01000189,1.91856
E01000190,4.04547
E01000191,10.5428
E01000192,21.4253
E01000193,20.0665
E01000194,16.0119
E01000195,1.50344
E01000196,15.3315
E01000197,9.2003
E01000198,3.23133
E01000199,4.50414
E01000200,6.86817
E01000201,6.11543
E01000202,7.46676
E01000203,5.04058
E01000204,11.4422
E01000205,4.21301
E01000206,2.80062
E01000207,3.89728
E01000208,10.2776
E01000209,5.37832
E01000210,3.92139
E01000211,8.35726
E01000212,7.74902
E01000213,3.38152
E01000214,16.6422
E01000215,12.7091
E01000216,8.80247
E01000217,6.08947
E01000218,14.0212
E01000219,18.7051
E01000220,13.651
E01000221,13.3496
E01000222,6.68951
E01000223,8.4522
E01000224,9.28636
E01000225,5.41549
E01000226,6.72681
E01000227,5.5744
E01000228,0.813966
E01000229,2.50364
E01000230,5.12524
E01000231,2.99059
E01000232,7.25079
E01000233,7.01215
E01000234,11.8742
E01000235,12.1799
E01000236,6.55226
E01000237,14.3658
E01000238,4.37487
E01000239,5.80517
E01000240,2.37931
E01000241,2.21401
E01000242,4.83334
E01000243,7.48625
E01000244,8.20936
E01000245,10.4143
E01000246,2.34873
E01000247,4.86619
E01000248,10.5315
E01000249,2.11587
E01000250,8.55294
E01000251,11.9501
E01000252,8.40912
E01000253,1.16655
E01000254,0.536905
E01000255,1.77553
E01000256,3.63009
E01000257,7.10116
E01000258,6.77941
E01000259,1.74679
E01000260,2.56492
E01000261,2.93094
E01000262,1.96018
E01000263,5.37449
E01000264,10.9522
E01000265,5.79479
E01000266,4.41078
E01000267,7.58199
E01000268,13.783
E01000269,10.0329
E01000270,10.4929
E01000271,9.08156
E01000272,7.15502
E01000273,12.1505
E01000274,6.76218
E01000275,7.42912
E01000276,2.91234
E01000277,10.138
E01000278,5.12517
E01000279,1.48978
E01000280,4.76207
E01000281,10.1968
E01000282,9.58732
E01000283,4.22068
E01000284,7.85811
E01000285,3.18573
E01000286,4.57522
E01000287,4.13223
E01000288,8.34093
E01000289,6.94427
E01000290,1.48016
E01000291,3.04293
E01000292,8.10976
E01000293,16.1789
E01000294,6.76124
E01000295,14.5725
E01000296,16.7983
E01000297,5.7428
E01000298,12.4266
E01000299,12.996
E01000300,11.1317
E01000301,11.159
E01000302,14.0582
E01000303,7.75464
E01000304,8.91359
E01000305,4.53612
E01000306,10.6458
E01000307,13.5832
E01000308,3.59251
E01000309,13.4253
E01000310,16.9418
E01000311,11.2528
E01000312,7.46376
E01000313,12.4284
E01000314,17.8886
E01000315,4.27959
E01000316,5.17573
E01000317,13.0089
E01000318,7.65489
E01000319,5.79505
E01000320,4.41757
E01000321,8.3204
E01000322,5.7123
E01000323,12.3449
E01000324,6.64776
E01000325,8.32679
E01000326,3.41403
E01000327,13.2003
E01000328,2.85065
E01000329,8.2841
E01000330,17.4417
E01000331,3.10323
E01000332,7.26014
E01000333,4.65451
E01000334,3.74277
E01000335,4.47422
E01000336,8.93537
E01000337,4.86354
E01000338,7.48566
E01000339,4.67548
E01000340,2.61588
E01000341,3.27627
E01000342,2.81472
E01000343,4.57313
E01000344,4.49253
E01000345,4.67157
E01000346,3.83546
E01000347,4.94347
E01000348,3.23538
E01000349,4.25791
E01000350,3.73397
E01000351,3.14063
E01000352,4.45
E01000353,3.8967
E01000354,6.97214
E01000355,7.68435
E01000356,12.1571
E01000357,6.53809
E01000358,8.54207
E01000359,4.70258
E01000360,16.1787
E01000361,5.08739
E01000362,15.0623
E01000363,5.38097
E01000364,3.823
E01000365,10.9912
E01000366,15.4365
E01000367,3.20996
E01000368,2.41844
E01000369,4.21462
E01000370,10.7576
E01000371,4.97689
E01000372,3.50441
E01000373,3.11407
E01000374,2.26362
E01000375,6.52067
E01000376,2.19275
E01000377,1.62648
E01000378,4.31319
E01000379,7.05411
E01000380,5.18912
E01000381,1.43135
E01000382,3.01202
E01000383,0.677378
E01000384,7.69227
E01000385,3.61829
E01000386,6.65619
E01000387,7.4484
E01000388,4.35928
E01000389,8.03609
E01000390,2.89856
E01000391,1.68107
E01000392,11.2378
E01000393,8.81402
E01000394,15.4882
E01000395,4.94627
E01000396,4.80394
E01000398,3.35725
E01000399,8.83361
E01000400,10.4133
E01000401,11.8369
E01000402,3.55182
E01000403,10.5372
E01000404,9.788
E01000405,3.73665
E01000406,2.82144
E01000407,5.89327
E01000408,2.95511
E01000409,6.05412
E01000410,3.39149
E01000411,3.93518
E01000412,6.77975
E01000413,3.13988
E01000414,15.578
E01000415,10.0208
E01000416,14.2417
E01000417,6.47468
E01000418,8.33427
E01000419,3.82175
E01000420,4.24964
E01000421,3.69421
E01000422,9.60783
E01000423,5.6252
E01000424,12.0637
E01000425,2.02419
E01000426,4.01798
E01000427,3.50594
E01000428,8.34943
E01000429,3.16287
E01000430,1.11926
E01000431,3.88447
E01000432,6.72977
E01000433,9.43322
E01000434,3.18236
E01000435,6.34223
E01000436,5.0137
E01000437,2.76876
E01000438,3.66003
E01000439,4.73103
E01000440,2.87468
E01000441,3.73763
E01000442,4.71723
E01000443,9.31065
E01000444,1.73546
E01000445,5.52986
E01000446,5.51408
E01000447,7.28666
E01000448,6.52184
E01000449,7.69075
E01000450,3.65512
E01000451,4.68981
E01000452,3.56929
E01000453,3.33074
E01000454,5.20112
E01000455,6.20344
E01000456,3.1968
E01000457,14.9432
E01000458,6.24632
E01000459,8.92433
E01000460,2.84096
E01000461,7.33343
E01000462,13.3928
E01000463,4.46658
E01000464,7.31605
E01000465,5.52304
E01000466,1.67415
E01000467,8.04513
E01000468,3.15332
E01000469,6.27424
E01000470,6.99926
E01000471,2.37083
E01000472,10.2867
E01000473,13.5286
E01000474,6.01557
E01000475,11.3146
E01000476,4.26955
E01000477,4.59434
E01000478,10.8191
E01000479,8.773
E01000480,8.53172
E01000481,10.7994
E01000482,13.8398
E01000483,4.48723
E01000484,4.3358
E01000485,6.62453
E01000486,1.89211
E01000487,9.2071
E01000488,11.5861
E01000489,9.81995
E01000490,18.8376
E01000491,8.22267
E01000492,10.2217
E01000493,12.1156
E01000494,12.7655
E01000495,16.5721
E01000497,9.96727
E01000498,2.96036
E01000499,8.17823
E01000501,7.46656
E01000502,5.22546
E01000503,4.5231
E01000504,8.5704
E01000505,6.07824
E01000506,12.7783
E01000507,8.57724
E01000508,9.03168
E01000509,7.72483
E01000510,13.5329
E01000511,14.7046
E01000512,11.997
E01000513,7.65281
E01000514,6.20177
E01000515,8.24797
E01000516,7.96554
E01000517,6.82001
E01000518,5.50147
E01000519,2.01306
E01000520,7.16304
E01000521,18.5584
E01000522,2.0365
E01000523,13.518
E01000524,22.598
E01000525,21.9764
E01000526,5.20336
E01000527,5.29119
E01000528,7.39937
E01000530,9.06453
E01000531,12.2556
E01000532,14.5751
E01000533,13.4581
E01000534,6.49968
E01000535,17.2412
E01000536,12.9501
E01000538,1.64155
E01000539,7.60809
E01000540,6.36183
E01000541,8.28375
E01000543,9.25994
E01000544,16.7987
E01000545,20.2839
E01000546,17.021
E01000547,17.4705
E01000548,25.8907
E01000549,19.1778
E01000550,27.0788
E01000551,21.5508
E01000552,22.5592
E01000553,16.9757
E01000554,6.02893
E01000555,6.41204
E01000556,24.2404
E01000557,20.271
E01000558,15.2121
E01000559,13.4688
E01000560,12.834
E01000561,20.7355
E01000562,3.15073
E01000563,4.22988
E01000564,8.36473
E01000565,5.34441
E01000566,3.73595
E01000567,4.89553
E01000568,14.9771
E01000569,6.57701
E01000570,8.26411
E01000571,9.18539
E01000572,4.8928
E01000573,9.52887
E01000574,7.54603
E01000575,9.64411
E01000576,9.45531
E01000577,7.48327
E01000578,15.6884
E01000579,20.7977
E01000580,13.5201
E01000581,14.8603
E01000582,17.8654
E01000583,21.4701
E01000584,18.746
E01000585,20.9996
E01000586,25.4762
E01000587,6.57772
E01000588,8.43137
E01000589,7.31725
E01000590,4.5137
E01000591,10.2145
E01000592,13.3227
E01000593,5.72728
E01000594,10.194
E01000595,7.63652
E01000596,6.14733
E01000599,17.0746
E01000600,8.41437
E01000601,8.08791
E01000602,8.18938
E01000603,7.44581
E01000604,8.91884
E01000605,10.7299
E01000606,7.53501
E01000607,7.60076
E01000608,8.98574
E01000609,7.65401
E01000610,11.5702
E01000611,15.7886
E01000612,15.8235
E01000613,6.7341
E01000615,8.52318
E01000616,16.0057
E01000617,9.45288
E01000618,5.30492
E01000619,1.01551
E01000620,8.14347
E01000621,10.1976
E01000622,2.96019
E01000623,4.83839
E01000624,1.83461
E01000625,8.24699
E01000626,7.31984
E01000627,10.8824
E01000628,8.78678
E01000629,4.47077
E01000630,12.6801
E01000631,9.70624
E01000632,12.2081
E01000633,21.4938
E01000634,14.0097
E01000635,22.6437
E01000636,16.7044
E01000637,13.9611
E01000638,10.6557
E01000639,14.91
E01000640,21.8738
E01000641,17.7922
E01000642,18.9243
E01000643,7.8774
E01000644,15.7692
E01000645,4.29695
E01000646,4.81849
E01000647,2.93262
E01000648,7.97442
E01000649,8.30551
E01000650,4.78328
E01000651,8.29657
E01000652,3.18018
E01000653,3.9032
E01000654,0.711652
E01000655,1.71283
E01000656,0.836094
E01000657,4.80241
E01000658,2.0065
E01000659,1.67138
E01000661,6.12614
E01000662,2.57166
E01000663,4.26798
E01000664,1.7047
E01000665,5.66403
E01000666,2.32615
E01000667,5.34512
E01000668,6.62823
E01000669,7.89737
E01000670,20.9143
E01000671,10.8991
E01000672,3.9783
E01000673,8.33057
E01000674,10.5695
E01000675,24.4005
E01000676,28.5572
E01000677,21.1558
E01000678,10.4015
E01000679,4.63573
E01000680,0.644017
E01000681,7.12198
E01000682,4.28869
E01000683,3.21424
E01000684,3.3141
E01000685,3.08348
E01000686,5.22803
E01000687,3.45597
E01000688,1.88459
E01000689,0.864227
E01000690,4.51981
E01000691,4.50777
E01000692,6.05187
E01000693,2.73488
E01000694,4.15811
E01000695,2.09427
E01000696,3.85493
E01000697,6.06957
E01000698,3.03878
E01000699,14.3404
E01000700,12.92
E01000701,13.9283
E01000702,19.5921
E01000703,15.8188
E01000704,12.0814
E01000705,8.66781
E01000706,13.9242
E01000707,8.49433
E01000708,11.3352
E01000709,16.3467
E01000710,7.75415
E01000711,10.7344
E01000712,9.9824
E01000713,6.10035
E01000714,19.0414
E01000715,9.40138
E01000716,5.9385
E01000717,10.1245
E01000718,5.76209
E01000719,6.42454
E01000720,0.28618
E01000721,2.03274
E01000722,10.9295
E01000723,3.18145
E01000724,2.02463
E01000725,8.85412
E01000726,3.59992
E01000727,9.46883
E01000728,1.09329
E01000729,4.38842
E01000730,11.5311
E01000731,4.1597
E01000732,3.8989
E01000733,7.03999
E01000734,2.62358
E01000735,4.89802
E01000736,3.92591
E01000737,3.58034
E01000738,4.34076
E01000739,6.43171
E01000740,15.3686
E01000741,19.8266
E01000742,15.8842
E01000743,13.1255
E01000744,8.68306
E01000745,12.8424
E01000746,21.8196
E01000747,0.957134
E01000748,0.405613
E01000749,0.476072
E01000750,1.21206
E01000751,2.06822
E01000752,2.24921
E01000753,2.42617
E01000754,11.5688
E01000755,9.75678
E01000756,4.76967
E01000757,3.73619
E01000758,14.8711
E01000759,1.10066
E01000760,4.87486
E01000761,2.3273
E01000762,4.37203
E01000763,3.75679
E01000764,3.74711
E01000765,2.41497
E01000766,7.15412
E01000767,9.53692
E01000768,7.31486
E01000769,3.35963
E01000770,6.30486
E01000771,9.24839
E01000772,4.6789
E01000773,3.76763
E01000774,7.38448
E01000775,4.91034
E01000777,6.53104
E01000778,3.67453
E01000779,3.49308
E01000780,5.5796
E01000781,7.38845
E01000782,5.60989
E01000783,6.55821
E01000784,4.52413
E01000785,3.93254
E01000786,2.56309
E01000787,3.99293
E01000788,11.0892
E01000789,5.12375
E01000790,21.7193
E01000791,5.40641
E01000792,4.3915
E01000793,5.32948
E01000794,5.19259
E01000795,2.99055
E01000796,13.5919
E01000797,13.1399
E01000798,14.3556
E01000799,17.9432
E01000800,14.3168
E01000801,15.2094
E01000802,16.6572
E01000803,12.0387
E01000804,5.26206
E01000805,13.6843
E01000806,17.9533
E01000807,7.3957
E01000808,3.24554
E01000809,5.78398
E01000810,8.26036
E01000811,10.7998
E01000812,7.65251
E01000813,5.27963
E01000814,11.9807
E01000815,6.78654
E01000816,6.94499
E01000818,2.37689
E01000819,5.58105
E01000820,4.79018
E01000822,8.20768
E01000823,9.76816
E01000824,15.9188
E01000825,10.3366
E01000826,2.24561
E01000827,4.84076
E01000828,8.37147
E01000829,19.1676
E01000830,3.17597
E01000831,5.77025
E01000832,5.32819
E01000833,2.81427
E01000834,3.68791
E01000835,7.63649
E01000836,4.10367
E01000837,5.18839
E01000838,4.17723
E01000839,1.55032
E01000840,3.12167
E01000841,4.0552
E01000842,12.1622
E01000843,13.1695
E01000844,17.3376
E01000845,11.618
E01000846,10.2054
E01000847,17.3803
E01000848,13.2437
E01000849,17.436
E01000850,62.6618
E01000851,55.0582
E01000852,83.1544
E01000853,73.1792
E01000854,67.7297
E01000855,63.19
E01000856,42.4264
E01000857,12.1124
E01000858,25.9939
E01000859,11.7204
E01000860,7.15373
E01000861,41.5854
E01000862,21.9385
E01000863,43.6587
E01000864,7.84971
E01000865,17.2052
E01000866,24.6208
E01000867,35.5049
E01000868,5.92594
E01000869,14.1162
E01000870,22.4492
E01000871,9.91706
E01000872,19.5099
E01000873,10.2418
E01000874,23.6788
E01000875,19.1387
E01000876,15.0746
E01000877,18.0408
E01000878,14.2155
E01000879,18.5891
E01000880,20.6078
E01000881,26.9112
E01000882,21.9953
E01000883,31.3927
E01000884,5.72284
E01000885,5.68296
E01000886,12.5612
E01000887,18.925
E01000888,14.3022
E01000889,12.6576
E01000890,11.3929
E01000891,11.0683
E01000892,16.9827
E01000893,4.60725
E01000894,9.43746
E01000895,13.906
E01000896,15.3479
E01000897,15.777
E01000898,19.3603
E01000899,4.94096
E01000900,16.8435
E01000901,19.9858
E01000902,14.9716
E01000903,13.4116
E01000904,28.539
E01000905,20.7067
E01000906,18.2211
E01000907,13.7572
E01000908,6.31415
E01000909,8.16553
E01000910,17.9521
E01000911,19.6645
E01000912,6.58256
E01000913,3.64315
E01000914,60.1685
E01000915,50.4737
E01000916,55.1058
E01000917,58.3439
E01000918,83.5067
E01000919,87.5882
E01000920,43.1404
E01000921,25.1522
E01000922,22.4201
E01000923,22.28
E01000924,18.733
E01000925,20.5869
E01000926,18.2701
E01000927,30.7341
E01000928,20.2364
E01000929,19.4136
E01000930,27.3387
E01000931,21.9324
E01000932,25.2571
E01000933,28.7906
E01000934,16.2306
E01000935,14.4791
E01000936,32.3907
E01000937,51.5901
E01000938,73.2331
E01000939,82.7078
E01000940,57.595
E01000941,71.9473
E01000942,91.7288
E01000943,78.3652
E01000944,30.568
E01000945,58.5862
E01000946,23.0251
E01000947,37.842
E01000948,20.994
E01000949,18.7654
E01000950,27.6479
E01000951,35.5703
E01000952,45.221
E01000953,45.0041
E01000954,36.3043
E01000955,63.7766
E01000956,83.8862
E01000957,16.2338
E01000958,36.7298
E01000959,42.9236
E01000960,37.2568
E01000961,28.8328
E01000962,28.1847
E01000963,26.8844
E01000964,36.0696
E01000965,26.5335
E01000966,21.1491
E01000967,7.65545
E01000968,27.5282
E01000969,26.6359
E01000970,22.4513
E01000971,16.8373
E01000972,28.7901
E01000973,28.3065
E01000974,23.2694
E01000975,47.5401
E01000976,17.6807
E01000977,16.394
E01000978,17.8068
E01000979,35.4789
E01000980,5.00434
E01000981,11.3124
E01000982,5.57008
E01000983,12.1659
E01000984,9.66633
E01000985,6.61153
E01000986,12.0438
E01000987,12.2564
E01000989,2.73496
E01000990,8.96779
E01000991,1.70561
E01000992,7.71603
E01000993,15.1917
E01000994,5.78846
E01000995,5.73622
E01000996,7.88526
E01000997,14.9387
E01000998,15.261
E01000999,9.77532
E01001000,16.508
E01001001,14.5739
E01001002,11.9305
E01001003,10.512
E01001004,6.5655
E01001005,16.5447
E01001006,7.39707
E01001007,8.63286
E01001008,8.70143
E01001009,11.6571
E01001010,8.46356
E01001011,21.9286
E01001012,35.5055
E01001013,39.6243
E01001014,24.7603
E01001015,6.22204
E01001016,3.89668
E01001017,1.37466
E01001018,2.04846
E01001019,3.36328
E01001020,4.67434
E01001021,1.14617
E01001022,1.60887
E01001023,10.4685
E01001024,8.51651
E01001025,6.14325
E01001026,5.27346
E01001027,2.24387
E01001028,2.08379
E01001029,9.23043
E01001030,5.9164
E01001031,4.79156
E01001032,2.77842
E01001033,9.35754
E01001034,8.50363
E01001035,13.8659
E01001036,5.14987
E01001037,20.9699
E01001038,11.1825
E01001039,3.77248
E01001040,12.3905
E01001041,9.03691
E01001042,36.4641
E01001043,53.9885
E01001044,7.24152
E01001045,60.7208
E01001046,20.2095
E01001047,22.8577
E01001048,60.9067
E01001049,4.71877
E01001050,39.7709
E01001051,6.96127
E01001052,5.23147
E01001053,8.99229
E01001054,11.4463
E01001055,7.5247
E01001056,8.14277
E01001057,10.4083
E01001058,4.61493
E01001059,4.41691
E01001060,2.61159
E01001061,3.65065
E01001062,4.77354
E01001063,6.27467
E01001064,3.8942
E01001065,7.73385
E01001066,2.20907
E01001067,2.15772
E01001068,3.55486
E01001069,3.46202
E01001070,1.77365
E01001071,3.236
E01001072,0.191141
E01001073,7.29668
E01001074,8.73726
E01001075,5.34083
E01001076,7.85997
E01001077,11.1982
E01001078,10.7452
E01001079,5.73502
E01001080,8.82638
E01001081,4.15227
E01001082,6.28667
E01001083,8.44081
E01001084,4.72448
E01001085,15.3249
E01001086,6.09406
E01001087,13.2258
E01001088,4.84786
E01001089,12.7121
E01001090,10.9367
E01001091,3.0854
E01001092,5.93937
E01001093,8.85416
E01001094,2.05585
E01001095,10.7356
E01001096,4.41719
E01001097,17.5554
E01001098,3.26602
E01001099,5.5911
E01001100,9.60498
E01001101,1.46314
E01001102,3.41913
E01001103,2.02801
E01001104,1.96121
E01001105,1.46731
E01001106,2.00879
E01001107,2.94006
E01001108,2.22322
E01001109,8.95654
E01001110,28.3125
E01001111,16.9747
E01001112,10.6505
E01001113,15.5807
E01001114,14.3506
E01001115,7.95014
E01001116,13.8783
E01001117,14.6037
E01001118,14.7016
E01001119,2.81466
E01001120,4.18145
E01001121,1.18399
E01001122,3.56812
E01001123,2.10248
E01001124,2.58412
E01001125,6.19633
E01001126,3.31546
E01001127,3.62671
E01001128,3.93676
E01001129,3.70236
E01001130,3.31092
E01001131,1.02423
E01001132,3.00865
E01001133,5.21562
E01001134,4.0949
E01001135,5.39222
E01001136,20.6391
E01001137,7.3365
E01001138,8.5288
E01001139,12.2328
E01001140,5.83809
E01001141,8.06069
E01001142,11.5129
E01001143,10.6516
E01001144,19.0996
E01001145,20.6841
E01001146,4.45021
E01001147,5.38933
E01001148,3.73534
E01001149,3.9559
E01001150,5.4912
E01001151,11.5244
E01001152,14.2179
E01001153,12.7251
E01001154,16.3767
E01001155,18.3158
E01001156,7.79475
E01001157,4.17033
E01001158,6.97896
E01001159,6.86094
E01001160,3.7993
E01001161,4.91127
E01001162,9.15466
E01001163,8.4111
E01001164,18.0235
E01001165,16.8347
E01001166,21.47
E01001167,10.6564
E01001168,13.6122
E01001169,6.67047
E01001170,18.5177
E01001171,11.0295
E01001172,5.20042
E01001173,3.92644
E01001174,3.57748
E01001175,12.1109
E01001176,7.8819
E01001177,5.57449
E01001178,11.3036
E01001179,6.14915
E01001180,8.17941
E01001181,11.9405
E01001182,5.69905
E01001183,9.61681
E01001184,4.81027
E01001185,14.2253
E01001186,10.3514
E01001187,5.57256
E01001188,16.6518
E01001189,12.9091
E01001190,8.52501
E01001191,20.2794
E01001192,13.6709
E01001193,5.90949
E01001194,9.51461
E01001195,8.06875
E01001196,11.8436
E01001197,7.27699
E01001198,6.1072
E01001199,7.80866
E01001200,4.75259
E01001201,5.55384
E01001202,15.4907
E01001203,11.5373
E01001204,9.82003
E01001205,7.12506
E01001206,5.11688
E01001207,11.1594
E01001208,8.15917
E01001209,4.40132
E01001210,9.25472
E01001211,6.77418
E01001212,8.41055
E01001213,12.4024
E01001214,8.05694
E01001215,17.6073
E01001216,10.8794
E01001217,4.49055
E01001218,4.8878
E01001219,5.44864
E01001220,7.48066
E01001221,31.6011
E01001222,19.6876
E01001223,14.3254
E01001224,8.95784
E01001225,32.1159
E01001226,16.6827
E01001227,9.71054
E01001228,24.1783
E01001229,7.69599
E01001230,8.20796
E01001231,13.3763
E01001232,3.38281
E01001233,12.0256
E01001234,16.0027
E01001235,28.2544
E01001236,14.1672
E01001237,4.9571
E01001238,18.5242
E01001239,14.9832
E01001240,21.5877
E01001241,9.75545
E01001242,3.50465
E01001243,13.3793
E01001244,10.7863
E01001245,10.9549
E01001246,12.8549
E01001247,10.3616
E01001248,4.91454
E01001249,18.7442
E01001250,13.1669
E01001251,14.279
E01001252,14.8905
E01001253,5.60893
E01001254,8.62924
E01001255,7.70175
E01001257,7.0454
E01001258,10.0857
E01001259,11.9615
E01001260,13.7473
E01001261,16.0815
E01001262,5.98263
E01001263,3.78341
E01001264,3.27381
E01001265,2.13603
E01001266,9.70967
E01001267,8.61345
E01001268,4.44543
E01001269,8.36389
E01001270,3.36559
E01001271,6.9661
E01001272,14.6829
E01001273,9.99397
E01001274,8.73261
E01001275,18.8954
E01001276,6.17392
E01001277,12.7076
E01001278,17.0625
E01001279,6.53397
E01001280,8.94619
E01001281,5.89419
E01001282,8.6282
E01001283,12.9575
E01001284,7.34406
E01001285,7.67392
E01001286,6.75251
E01001287,5.17745
E01001288,8.26332
E01001289,8.6852
E01001290,5.79316
E01001291,8.70156
E01001292,7.31996
E01001293,5.52276
E01001294,5.55236
E01001295,5.83494
E01001296,6.06176
E01001297,5.43935
E01001298,7.63031
E01001299,9.2001
E01001300,13.2409
E01001301,8.74339
E01001302,11.1281
E01001303,12.4175
E01001304,9.87991
E01001305,7.02562
E01001306,9.20336
E01001307,2.71695
E01001308,4.37092
E01001309,4.05564
E01001310,6.85308
E01001311,6.10874
E01001312,11.9273
E01001313,7.06644
E01001314,4.14117
E01001315,7.7952
E01001316,9.92037
E01001317,6.90337
E01001318,10.7324
E01001319,10.536
E01001320,1.14032
E01001321,7.9491
E01001322,10.0203
E01001323,14.4146
E01001324,6.31855
E01001325,1.6983
E01001326,1.3623
E01001327,6.8946
E01001328,6.96882
E01001329,4.09514
E01001330,6.55277
E01001331,6.28616
E01001332,7.33593
E01001333,11.5261
E01001334,4.94345
E01001335,1.55448
E01001336,3.76878
E01001337,3.47932
E01001338,5.79925
E01001339,2.0779
E01001340,4.40091
E01001341,3.12931
E01001342,4.0642
E01001343,4.17243
E01001344,9.27271
E01001345,4.40317
E01001346,7.01963
E01001347,4.07255
E01001348,10.9236
E01001349,8.29634
E01001350,11.7325
E01001351,19.5928
E01001352,18.863
E01001353,18.2015
E01001354,20.0663
E01001355,14.0272
E01001356,16.5029
E01001357,10.0101
E01001358,13.3212
E01001359,8.32297
E01001360,15.3754
E01001361,15.907
E01001362,11.7676
E01001363,6.80424
E01001364,4.90491
E01001365,1.96248
E01001366,5.22467
E01001367,14.3203
E01001368,6.58663
E01001369,10.4996
E01001370,4.14536
E01001371,6.87915
E01001372,7.11601
E01001373,9.24759
E01001374,7.19784
E01001375,7.88778
E01001376,6.40356
E01001377,13.3374
E01001379,8.07519
E01001380,12.2946
E01001381,9.9014
E01001382,9.00221
E01001383,8.34792
E01001384,11.5707
E01001385,11.0812
E01001386,10.2136
E01001387,16.6774
E01001388,19.7149
E01001389,15.5369
E01001390,22.0523
E01001391,11.9268
E01001392,15.6239
E01001393,15.7885
E01001394,11.4705
E01001395,2.87649
E01001396,11.9094
E01001397,7.4498
E01001398,8.65624
E01001399,7.35201
E01001400,7.77059
E01001401,8.2105
E01001402,6.76976
E01001403,5.44121
E01001404,1.38797
E01001405,8.7394
E01001406,8.22871
E01001407,1.17166
E01001408,9.04163
E01001409,3.28459
E01001410,1.52191
E01001411,5.30008
E01001412,0.567043
E01001413,2.48798
E01001414,3.94336
E01001415,7.82283
E01001416,6.84386
E01001417,0.982582
E01001418,9.09324
E01001419,11.7099
E01001420,4.87497
E01001421,6.27626
E01001422,1.58118
E01001423,12.8801
E01001424,21.2573
E01001425,17.237
E01001426,7.94062
E01001427,2.87703
E01001428,8.04777
E01001429,22.6282
E01001430,19.3486
E01001431,6.33529
E01001432,14.7528
E01001433,5.31403
E01001434,3.48845
E01001435,5.15217
E01001436,4.71077
E01001437,1.97324
E01001438,7.039
E01001439,7.97897
E01001440,7.76851
E01001441,5.27178
E01001442,8.96896
E01001444,6.07616
E01001445,3.27794
E01001446,7.56173
E01001447,6.99831
E01001448,7.98339
E01001449,7.15805
E01001450,16.3938
E01001451,8.44367
E01001452,3.50152
E01001453,5.34408
E01001454,7.6884
E01001455,5.50234
E01001456,8.25406
E01001457,14.2864
E01001458,10.5278
E01001459,5.01113
E01001460,17.6689
E01001461,5.73127
E01001462,8.25871
E01001463,5.47216
E01001464,4.29331
E01001465,6.53176
E01001466,9.78184
E01001467,8.5854
E01001468,4.64574
E01001469,8.29827
E01001470,2.17007
E01001471,4.387
E01001472,10.9356
E01001473,3.26282
E01001474,7.25554
E01001475,5.90111
E01001476,7.52983
E01001477,2.05333
E01001478,3.89408
E01001479,6.5805
E01001480,4.34252
E01001481,3.89618
E01001482,4.53853
E01001483,1.3126
E01001484,4.78858
E01001485,20.3416
E01001486,5.79745
E01001487,11.7077
E01001488,10.0051
E01001489,7.01077
E01001491,17.5329
E01001492,8.64801
E01001493,3.66313
E01001494,3.24991
E01001495,8.26542
E01001496,2.86578
E01001497,2.7382
E01001498,11.0077
E01001499,5.506
E01001500,6.56153
E01001501,12.5109
E01001502,6.39368
E01001503,7.15
E01001504,6.6924
E01001505,13.4337
E01001506,3.20376
E01001507,13.134
E01001508,10.6091
E01001509,8.03187
E01001510,6.11118
E01001511,9.96331
E01001512,14.4902
E01001513,7.43327
E01001514,5.78446
E01001515,8.15854
E01001516,3.86339
E01001517,5.99545
E01001518,8.49619
E01001519,16.7571
E01001520,11.8367
E01001521,11.2338
E01001522,3.44205
E01001523,2.54461
E01001524,8.07689
E01001525,8.66593
E01001526,3.27332
E01001527,8.82121
E01001528,17.6354
E01001529,23.4961
E01001530,16.4096
E01001531,5.2557
E01001532,6.98344
E01001533,5.02745
E01001534,15.5492
E01001535,12.4735
E01001536,16.2406
E01001537,3.08794
E01001538,2.47806
E01001539,3.62389
E01001540,10.0645
E01001541,7.14989
E01001542,6.09526
E01001543,3.31608
E01001544,13.137
E01001545,3.99603
E01001546,4.36887
E01001547,7.18474
E01001548,5.88398
E01001549,4.96912
E01001550,4.12527
E01001551,3.8337
E01001552,7.18376
E01001553,6.27548
E01001554,14.8202
E01001555,16.8233
E01001556,5.51978
E01001557,4.19238
E01001558,19.9923
E01001559,4.19771
E01001560,8.10062
E01001562,6.18583
E01001563,7.85202
E01001564,8.09673
E01001565,6.13872
E01001566,10.6742
E01001567,7.63737
E01001568,4.31206
E01001569,9.19083
E01001570,4.11679
E01001571,7.74002
E01001572,12.9467
E01001573,8.06914
E01001574,4.48118
E01001575,11.7311
E01001576,4.19249
E01001577,12.0021
E01001578,13.1268
E01001579,4.57239
E01001580,13.6361
E01001581,18.2808
E01001582,5.49672
E01001583,6.40135
E01001584,7.16297
E01001585,13.5187
E01001586,14.2767
E01001587,10.9412
E01001588,9.09045
E01001589,15.3215
E01001590,18.1375
E01001591,15.4697
E01001592,15.1137
E01001593,13.6624
E01001594,11.2771
E01001595,8.93928
E01001596,4.12536
E01001597,9.20431
E01001598,7.24491
E01001599,5.55739
E01001600,11.0486
E01001601,7.92187
E01001602,5.5598
E01001603,6.56139
E01001604,16.4534
E01001605,5.17734
E01001606,3.93432
E01001607,10.7723
E01001608,9.34922
E01001609,20.6723
E01001610,3.3297
E01001611,5.26864
E01001613,9.08314
E01001614,6.93113
E01001615,9.83596
E01001617,9.25403
E01001618,6.40856
E01001619,10.172
E01001620,7.6276
E01001621,16.7791
E01001623,9.01112
E01001624,6.64714
E01001625,6.10696
E01001629,28.0165
E01001631,23.6378
E01001632,17.7636
E01001633,9.81652
E01001634,11.0927
E01001635,6.77586
E01001636,9.82039
E01001637,8.01945
E01001638,15.6187
E01001640,21.108
E01001641,22.003
E01001642,7.90462
E01001644,20.0301
E01001645,4.08741
E01001646,10.1039
E01001647,5.0229
E01001648,3.83941
E01001649,2.25407
E01001650,6.70168
E01001651,4.89099
E01001652,7.27366
E01001653,3.33861
E01001654,2.71472
E01001655,5.77586
E01001656,3.82789
E01001657,8.32607
E01001658,6.88436
E01001659,7.59428
E01001660,4.25407
E01001661,6.34564
E01001662,14.7547
E01001664,18.6908
E01001665,17.1326
E01001666,13.3967
E01001667,9.6074
E01001668,15.0711
E01001669,4.49534
E01001671,4.85209
E01001672,6.79843
E01001673,18.9953
E01001674,8.69146
E01001675,13.2773
E01001676,9.76127
E01001677,8.80362
E01001678,4.0287
E01001679,4.96099
E01001680,3.20166
E01001681,5.21925
E01001682,5.11951
E01001683,6.50069
E01001684,4.61331
E01001685,4.76072
E01001686,4.7133
E01001687,9.81414
E01001688,8.81189
E01001690,9.11052
E01001692,5.74261
E01001693,9.35191
E01001694,4.59608
E01001695,30.148
E01001696,39.5561
E01001697,17.7606
E01001698,5.18507
E01001699,13.6846
E01001700,12.1093
E01001701,8.75448
E01001702,2.9455
E01001703,6.82808
E01001704,7.74434
E01001705,17.9844
E01001706,12.1296
E01001708,10.4058
E01001709,9.32718
E01001710,16.733
E01001711,9.86764
E01001712,17.7268
E01001713,13.6005
E01001714,22.2945
E01001715,34.1677
E01001716,38.1211
E01001717,13.3067
E01001718,45.3669
E01001719,13.1775
E01001720,26.0275
E01001722,15.7142
E01001723,20.1773
E01001724,22.2223
E01001725,16.4691
E01001726,20.0355
E01001727,11.8331
E01001728,13.7357
E01001729,19.3979
E01001730,19.9055
E01001731,28.9991
E01001732,22.0533
E01001733,15.8591
E01001734,31.4647
E01001735,25.1142
E01001736,9.24521
E01001737,9.14911
E01001738,13.532
E01001739,15.3851
E01001740,19.0568
E01001741,12.1197
E01001742,8.91873
E01001744,25.5591
E01001745,16.42
E01001746,14.8335
E01001747,24.584
E01001748,30.7987
E01001749,27.3842
E01001750,20.7304
E01001751,22.086
E01001752,13.4473
E01001753,13.2462
E01001754,19.1709
E01001755,17.3956
E01001756,30.4511
E01001757,25.3951
E01001758,29.7331
E01001759,26.6748
E01001760,36.8567
E01001761,31.5836
E01001762,30.3792
E01001763,24.9477
E01001764,19.5365
E01001765,12.3483
E01001767,20.2887
E01001768,20.1154
E01001769,23.887
E01001770,24.8603
E01001772,17.6674
E01001773,18.3073
E01001774,17.6693
E01001775,11.0014
E01001776,20.6871
E01001777,25.6752
E01001779,26.9558
E01001780,37.2004
E01001781,17.3974
E01001782,12.9071
E01001783,24.3934
E01001784,22.5587
E01001785,12.9576
E01001786,2.67104
E01001787,5.03816
E01001788,3.5312
E01001789,5.54548
E01001790,6.60471
E01001791,7.56684
E01001792,21.0307
E01001793,13.6069
E01001794,22.9605
E01001795,18.8688
E01001796,15.5029
E01001798,16.1
E01001799,14.4054
E01001800,20.2464
E01001801,8.13367
E01001802,8.90057
E01001803,6.05651
E01001804,6.74969
E01001805,19.5453
E01001806,8.51787
E01001807,13.7012
E01001808,22.7209
E01001809,21.2494
E01001811,12.8134
E01001812,10.5478
E01001813,27.3909
E01001814,22.4269
E01001815,13.0801
E01001816,12.3444
E01001819,14.5195
E01001820,12.5464
E01001821,11.2855
E01001822,11.5382
E01001823,4.39832
E01001824,6.39963
E01001825,12.8345
E01001826,15.5592
E01001827,6.24512
E01001828,8.10657
E01001829,19.9941
E01001830,19.4194
E01001831,26.1101
E01001832,22.0006
E01001833,15.7732
E01001834,17.1627
E01001835,19.4627
E01001836,7.14736
E01001837,19.0507
E01001838,22.4844
E01001839,27.0887
E01001840,17.0152
E01001841,7.21144
E01001842,19.8267
E01001843,11.9823
E01001844,15.3985
E01001845,11.1784
E01001846,8.47432
E01001847,14.4175
E01001848,14.6459
E01001849,10.5115
E01001850,15.3991
E01001851,27.4169
E01001852,35.7209
E01001853,31.6565
E01001854,38.2792
E01001855,21.7608
E01001856,29.5229
E01001857,41.8017
E01001858,10.758
E01001859,5.89318
E01001860,14.0358
E01001861,11.8285
E01001862,13.926
E01001863,12.2007
E01001864,10.9118
E01001865,6.1866
E01001866,27.0556
E01001867,36.5579
E01001868,26.1137
E01001869,34.8747
E01001870,22.8124
E01001871,28.9011
E01001872,26.8532
E01001873,13.3277
E01001874,12.4288
E01001875,24.0184
E01001876,7.54971
E01001877,7.6722
E01001878,22.164
E01001879,10.3729
E01001880,15.8487
E01001881,22.1271
E01001882,18.0451
E01001883,30.1086
E01001884,28.5489
E01001885,18.5902
E01001886,11.5994
E01001887,12.9319
E01001888,13.1518
E01001889,17.3667
E01001890,18.6165
E01001891,20.6091
E01001892,9.19952
E01001893,37.2811
E01001894,30.7033
E01001895,16.1283
E01001896,27.0853
E01001897,25.8155
E01001898,47.0035
E01001899,38.8981
E01001900,35.9671
E01001901,13.6968
E01001902,11.1985
E01001903,11.3134
E01001904,10.0848
E01001905,10.1906
E01001906,12.8076
E01001907,17.2494
E01001908,20.6515
E01001909,21.9269
E01001910,22.6554
E01001911,21.2924
E01001912,26.4231
E01001913,20.3907
E01001914,22.0617
E01001915,12.9314
E01001916,14.1061
E01001917,8.48765
E01001918,8.78817
E01001919,6.72204
E01001920,22.3507
E01001921,23.5796
E01001922,15.5779
E01001923,18.8185
E01001924,16.4333
E01001925,11.2043
E01001926,17.1532
E01001927,9.29892
E01001928,15.6955
E01001929,22.6342
E01001930,12.0684
E01001931,17.8779
E01001932,20.5937
E01001933,15.3082
E01001934,5.70779
E01001935,11.3311
E01001937,7.60191
E01001938,12.2659
E01001939,12.2132
E01001940,18.218
E01001941,35.423
E01001942,19.1223
E01001943,38.9978
E01001944,25.9777
E01001945,13.7473
E01001946,20.2491
E01001947,16.0178
E01001948,14.7052
E01001949,14.5174
E01001950,18.3188
E01001951,15.7079
E01001952,24.5006
E01001953,20.6443
E01001954,11.7927
E01001955,6.18756
E01001956,10.6588
E01001957,5.8514
E01001958,5.37843
E01001959,8.38498
E01001960,11.9181
E01001961,5.07781
E01001962,4.35859
E01001963,5.75329
E01001964,9.12448
E01001965,11.6548
E01001966,4.85654
E01001967,6.1274
E01001968,11.4542
E01001969,17.1817
E01001970,19.1231
E01001971,20.7745
E01001972,18.835
E01001973,14.1758
E01001974,21.4996
E01001975,15.0086
E01001976,17.0044
E01001977,12.6833
E01001978,22.805
E01001979,26.924
E01001980,7.19553
E01001981,22.7172
E01001982,9.30547
E01001983,6.60909
E01001984,6.90362
E01001985,6.26197
E01001986,9.87737
E01001987,10.2329
E01001988,11.1774
E01001989,5.97875
E01001990,11.7294
E01001991,10.8383
E01001992,5.72074
E01001993,6.36317
E01001994,8.09537
E01001995,2.84053
E01001996,7.13672
E01001997,14.1467
E01001998,20.4844
E01001999,17.8191
E01002000,11.0004
E01002001,16.2744
E01002002,28.7293
E01002003,28.4334
E01002004,22.47
E01002005,14.673
E01002006,12.2017
E01002007,16.8044
E01002008,4.39824
E01002009,16.1737
E01002010,3.83909
E01002011,10.8464
E01002013,5.29557
E01002014,15.1752
E01002015,8.69039
E01002016,12.4701
E01002017,12.5105
E01002018,4.1238
E01002019,7.20425
E01002020,8.57564
E01002021,7.09473
E01002022,11.9249
E01002023,9.17213
E01002024,7.87105
E01002025,4.83291
E01002026,29.3411
E01002027,16.3865
E01002028,14.3582
E01002029,27.6246
E01002030,18.6663
E01002031,35.8071
E01002032,18.6713
E01002033,24.5788
E01002034,17.9726
E01002036,12.596
E01002037,5.60859
E01002038,17.2911
E01002039,10.2248
E01002040,11.1355
E01002041,15.9945
E01002042,7.49433
E01002043,10.5245
E01002044,15.8118
E01002045,10.3467
E01002046,15.5966
E01002047,15.4553
E01002048,17.3588
E01002049,9.75451
E01002050,18.3487
E01002051,29.0397
E01002052,4.52285
E01002053,22.5215
E01002054,12.8814
E01002055,24.7519
E01002056,11.8134
E01002057,3.9649
E01002058,19.2417
E01002059,7.25735
E01002060,10.1713
E01002061,11.6706
E01002062,13.9798
E01002063,17.501
E01002064,29.6774
E01002065,40.116
E01002066,35.249
E01002067,10.4349
E01002068,25.9971
E01002069,29.1353
E01002070,16.5093
E01002071,36.128
E01002072,32.1932
E01002073,24.4239
E01002074,16.1545
E01002075,7.64326
E01002076,7.8354
E01002077,21.8826
E01002078,16.5842
E01002079,15.1631
E01002080,17.4508
E01002081,31.706
E01002082,5.26625
E01002083,12.9234
E01002084,7.06441
E01002085,32.6268
E01002086,6.07318
E01002087,20.5788
E01002088,11.3333
E01002089,4.62245
E01002090,4.43606
E01002091,10.2624
E01002092,11.2721
E01002093,9.1637
E01002094,8.56103
E01002095,10.4466
E01002096,11.5762
E01002097,11.1328
E01002098,31.8988
E01002099,17.225
E01002100,11.3071
E01002101,4.38739
E01002102,10.0549
E01002103,11.0979
E01002104,7.75759
E01002105,31.5116
E01002106,3.62664
E01002107,2.83864
E01002108,4.25284
E01002109,4.20748
E01002110,5.97362
E01002111,4.09008
E01002112,6.15153
E01002113,2.54529
E01002114,1.51628
E01002115,4.80612
E01002116,6.20727
E01002117,6.9707
E01002118,11.9563
E01002119,13.7771
E01002120,5.85658
E01002121,4.12416
E01002122,5.75923
E01002123,13.4042
E01002124,3.03255
E01002125,9.0629
E01002126,26.3567
E01002127,18.8352
E01002128,14.069
E01002129,26.4433
E01002130,18.4525
E01002131,6.53152
E01002132,9.26165
E01002133,9.18069
E01002134,3.71297
E01002135,8.7729
E01002136,9.32134
E01002137,13.453
E01002138,5.02084
E01002139,6.02289
E01002140,8.0965
E01002141,4.99761
E01002142,10.896
E01002143,7.52672
E01002144,1.64267
E01002145,5.93427
E01002146,0.936908
E01002147,1.22008
E01002148,8.23542
E01002149,2.96627
E01002150,6.84171
E01002151,9.74229
E01002152,4.2706
E01002153,12.3132
E01002154,4.39177
E01002155,1.90346
E01002156,6.05169
E01002157,11.9061
E01002158,5.69312
E01002159,7.91382
E01002160,12.1416
E01002161,13.9476
E01002162,5.68922
E01002163,7.46044
E01002164,3.36821
E01002165,8.01081
E01002166,4.52992
E01002167,3.92671
E01002168,4.34752
E01002169,8.20812
E01002170,7.48029
E01002171,3.53079
E01002172,5.88181
E01002173,6.3859
E01002174,8.13771
E01002175,8.25115
E01002176,11.2074
E01002177,4.3459
E01002178,5.35355
E01002179,19.1454
E01002180,15.9124
E01002181,8.11366
E01002182,13.1961
E01002183,10.732
E01002184,6.03532
E01002185,4.13556
E01002186,4.89275
E01002187,4.00632
E01002188,4.67791
E01002189,7.81173
E01002190,0.734658
E01002191,3.34303
E01002192,4.98027
E01002193,9.69307
E01002194,4.26002
E01002195,4.25349
E01002196,3.44001
E01002197,5.0889
E01002198,7.24538
E01002199,7.44419
E01002200,5.39606
E01002201,4.0298
E01002202,6.92978
E01002203,4.58829
E01002204,14.6783
E01002206,14.3339
E01002207,4.6496
E01002208,7.41351
E01002209,14.8031
E01002210,9.77544
E01002211,6.32218
E01002212,8.05433
E01002213,12.7349
E01002214,5.13101
E01002215,5.96981
E01002216,5.32505
E01002217,5.81532
E01002218,12.2521
E01002219,15.4041
E01002220,4.55245
E01002221,11.2533
E01002222,6.3186
E01002223,4.36898
E01002224,3.04498
E01002225,1.75818
E01002226,5.30459
E01002227,3.76308
E01002228,3.47336
E01002229,2.41961
E01002230,2.97338
E01002231,4.32826
E01002232,9.99304
E01002233,14.1991
E01002234,3.8861
E01002235,7.95813
E01002236,13.9499
E01002237,18.1677
E01002238,9.37251
E01002239,10.2116
E01002240,11.2694
E01002241,5.00786
E01002242,13.0755
E01002243,14.5099
E01002244,5.23004
E01002245,9.1399
E01002246,2.71669
E01002247,4.43939
E01002248,6.74329
E01002249,12.7569
E01002250,2.26154
E01002251,8.71603
E01002252,1.44704
E01002253,2.19965
E01002254,4.51793
E01002255,2.1321
E01002256,3.63439
E01002257,14.9467
E01002258,4.56305
E01002259,0.661991
E01002260,2.38011
E01002261,11.2591
E01002262,9.34301
E01002263,2.23081
E01002264,6.80166
E01002265,2.48052
E01002266,3.9442
E01002267,4.73692
E01002268,1.41548
E01002269,1.81813
E01002270,3.93687
E01002271,1.23824
E01002272,7.37129
E01002273,2.31536
E01002274,6.79855
E01002275,3.79637
E01002276,0.834587
E01002277,1.77749
E01002278,6.12731
E01002279,5.13857
E01002280,5.90782
E01002281,5.47366
E01002282,6.59224
E01002283,4.86809
E01002284,4.27953
E01002285,6.41369
E01002286,1.53204
E01002287,8.12388
E01002288,3.26005
E01002289,6.30277
E01002290,9.15911
E01002291,10.053
E01002292,3.07737
E01002293,4.6787
E01002294,2.87437
E01002295,5.58112
E01002296,0.406222
E01002297,4.66927
E01002298,5.74951
E01002299,5.29101
E01002300,9.87475
E01002301,4.97542
E01002302,5.37297
E01002303,5.06421
E01002304,0.736619
E01002305,0.794609
E01002306,3.6604
E01002307,4.41836
E01002308,2.62696
E01002309,3.78252
E01002310,4.51911
E01002311,2.35809
E01002312,3.54009
E01002313,3.88134
E01002314,4.76735
E01002315,4.54522
E01002316,2.98846
E01002317,3.9746
E01002318,5.95754
E01002319,6.30086
E01002320,4.0685
E01002321,4.96778
E01002322,2.71623
E01002323,3.51347
E01002324,1.19427
E01002325,3.23053
E01002326,8.62595
E01002327,6.57834
E01002328,6.49247
E01002329,4.75897
E01002330,1.57229
E01002331,5.56346
E01002332,5.74047
E01002333,3.81509
E01002334,1.24285
E01002335,6.44552
E01002336,3.71171
E01002337,2.76698
E01002338,7.43056
E01002339,2.78331
E01002340,11.2218
E01002341,3.63813
E01002342,4.2182
E01002343,2.69775
E01002344,0.579829
E01002345,7.40675
E01002346,5.26042
E01002347,1.87127
E01002348,0.723705
E01002349,3.31984
E01002350,27.5309
E01002351,9.33551
E01002352,7.53239
E01002353,14.8267
E01002354,6.46174
E01002355,7.17816
E01002356,26.7229
E01002358,19.7836
E01002359,7.48759
E01002360,10.5158
E01002361,13.0282
E01002362,10.6077
E01002363,6.07623
E01002364,10.2746
E01002365,8.83177
E01002366,7.26676
E01002367,7.76784
E01002368,3.87648
E01002369,3.85533
E01002370,2.75145
E01002371,6.45978
E01002372,5.21501
E01002373,3.62359
E01002374,2.32465
E01002375,2.88103
E01002376,7.92106
E01002377,3.75448
E01002378,2.68192
E01002379,12.4053
E01002380,8.02626
E01002381,6.50685
E01002382,8.82818
E01002383,4.22547
E01002384,10.1165
E01002385,0.576846
E01002386,12.7604
E01002387,1.92184
E01002388,2.10815
E01002389,0.884774
E01002390,3.6671
E01002391,0.269091
E01002392,3.54938
E01002393,5.47491
E01002394,1.33582
E01002395,4.20121
E01002396,6.73295
E01002397,9.63589
E01002398,6.81137
E01002399,5.45319
E01002400,4.92686
E01002401,5.05247
E01002402,5.37098
E01002403,4.11304
E01002404,4.14126
E01002405,5.2036
E01002406,7.27089
E01002407,14.9861
E01002408,7.98781
E01002409,6.38966
E01002410,7.32259
E01002411,3.38741
E01002412,7.4615
E01002413,3.98652
E01002414,7.25484
E01002415,3.10999
E01002416,1.84516
E01002417,8.52369
E01002418,5.46504
E01002419,9.51351
E01002420,3.30311
E01002421,2.31647
E01002422,4.62929
E01002423,3.05698
E01002424,5.29873
E01002425,3.52584
E01002426,7.68046
E01002427,5.82371
E01002428,2.66693
E01002429,3.22305
E01002430,0.554296
E01002431,7.42617
E01002432,9.18316
E01002433,3.22636
E01002434,2.65528
E01002435,6.87354
E01002436,2.56049
E01002437,2.90634
E01002438,0.240965
E01002439,2.38888
E01002440,1.20851
E01002441,0.729898
E01002442,1.15238
E01002443,5.17736
E01002444,4.0722
E01002445,5.18992
E01002446,2.79044
E01002447,4.75634
E01002448,5.89817
E01002449,9.38271
E01002450,2.42859
E01002451,4.19972
E01002452,6.8061
E01002453,2.22589
E01002454,0.501776
E01002455,4.41949
E01002456,3.50716
E01002457,3.72181
E01002458,1.81312
E01002459,2.32543
E01002460,8.36988
E01002461,0.958075
E01002462,2.05361
E01002463,5.49091
E01002464,4.9929
E01002465,7.99062
E01002466,5.11503
E01002467,8.92569
E01002468,7.82585
E01002469,9.64402
E01002470,12.52
E01002471,9.94919
E01002472,7.28296
E01002473,0.951307
E01002474,2.98082
E01002475,3.28632
E01002476,4.28853
E01002477,4.96786
E01002478,8.95702
E01002479,2.67619
E01002480,2.35467
E01002481,3.88632
E01002482,3.69988
E01002483,7.47246
E01002484,6.5183
E01002485,9.20889
E01002486,2.40549
E01002487,4.21167
E01002488,5.38934
E01002489,17.7191
E01002490,8.17782
E01002491,4.86264
E01002492,4.18735
E01002493,5.29541
E01002494,1.52927
E01002495,8.17087
E01002496,2.8291
E01002497,8.86139
E01002498,7.71931
E01002499,2.71738
E01002501,6.61386
E01002502,6.35696
E01002503,8.89968
E01002504,5.9726
E01002505,5.67278
E01002506,14.4689
E01002507,1.58668
E01002508,9.77219
E01002509,2.89495
E01002511,4.42856
E01002512,4.04951
E01002513,6.06116
E01002514,14.7576
E01002515,8.3654
E01002516,2.19197
E01002518,4.54559
E01002519,1.75118
E01002520,0.920126
E01002521,11.9729
E01002523,6.77781
E01002525,5.88075
E01002526,3.88082
E01002527,1.7563
E01002528,3.17383
E01002529,11.2418
E01002530,3.38288
E01002531,6.10043
E01002532,3.40202
E01002533,0.850302
E01002534,5.61959
E01002535,14.494
E01002536,8.45962
E01002537,8.7211
E01002538,2.3688
E01002539,2.7634
E01002540,3.31471
E01002541,3.50453
E01002542,5.47178
E01002543,3.08424
E01002544,1.82092
E01002545,2.54742
E01002546,4.31848
E01002547,5.41121
E01002548,3.96665
E01002549,5.26495
E01002550,1.61395
E01002551,5.68722
E01002552,6.4691
E01002553,5.09357
E01002554,4.65665
E01002555,5.07501
E01002556,3.7819
E01002557,5.15537
E01002558,5.25246
E01002559,1.67801
E01002560,2.54301
E01002561,0.418319
E01002562,4.65083
E01002563,8.76867
E01002564,7.97876
E01002565,9.35835
E01002566,9.9988
E01002567,14.3013
E01002568,11.3967
E01002569,5.89787
E01002570,19.6988
E01002571,3.55658
E01002572,2.16444
E01002573,14.9101
E01002574,17.4444
E01002575,12.348
E01002576,6.54085
E01002577,4.2213
E01002578,7.80573
E01002579,5.2453
E01002580,14.1321
E01002581,8.73213
E01002582,2.78394
E01002583,5.95185
E01002584,8.15749
E01002585,6.49332
E01002586,3.34745
E01002587,8.06199
E01002588,1.7599
E01002589,2.9941
E01002590,6.67115
E01002591,3.36427
E01002592,7.38814
E01002593,14.4667
E01002594,10.9792
E01002595,6.27371
E01002596,1.80511
E01002598,7.40118
E01002599,3.71577
E01002600,3.65198
E01002601,1.48001
E01002602,2.31287
E01002603,4.82379
E01002604,3.24896
E01002605,5.60174
E01002606,4.52205
E01002607,6.51199
E01002608,5.81968
E01002609,5.85408
E01002610,1.82567
E01002611,4.2809
E01002612,15.5552
E01002613,6.48639
E01002614,4.93128
E01002615,3.75133
E01002616,4.91559
E01002617,2.29096
E01002618,5.16797
E01002619,5.78591
E01002620,6.17735
E01002621,4.0215
E01002622,10.0433
E01002623,11.159
E01002624,12.5781
E01002625,3.55851
E01002626,3.74707
E01002627,2.35038
E01002628,4.83552
E01002629,7.73502
E01002630,9.60233
E01002631,3.08743
E01002632,3.92926
E01002633,3.50432
E01002634,4.11431
E01002635,4.78657
E01002636,3.53391
E01002637,4.82529
E01002638,3.00416
E01002639,12.7452
E01002640,16.9798
E01002641,16.9963
E01002642,24.4652
E01002643,13.6855
E01002645,20.9752
E01002646,8.55547
E01002647,4.69305
E01002648,19.5482
E01002649,14.211
E01002650,3.19921
E01002651,6.92496
E01002652,5.27002
E01002653,4.28389
E01002654,3.47062
E01002655,6.81442
E01002656,3.7789
E01002657,7.53381
E01002658,6.80644
E01002659,4.39364
E01002660,14.0214
E01002661,9.89294
E01002662,17.8295
E01002663,14.1467
E01002664,17.8426
E01002665,9.00587
E01002666,6.78031
E01002667,4.94785
E01002668,7.36451
E01002669,3.80483
E01002670,3.99529
E01002671,5.11347
E01002672,4.1069
E01002673,4.52993
E01002674,7.71495
E01002675,9.62308
E01002676,4.92767
E01002677,13.1545
E01002678,1.33325
E01002679,7.31699
E01002680,10.0805
E01002681,11.2596
E01002682,12.1893
E01002683,13.4885
E01002684,11.9725
E01002686,4.15421
E01002687,14.97
E01002689,10.8961
E01002690,10.7179
E01002691,11.4588
E01002692,15.9822
E01002693,20.2768
E01002694,15.4164
E01002695,31.1858
E01002696,27.4997
E01002697,49.2683
E01002698,24.714
E01002699,13.5919
E01002700,8.66543
E01002701,38.1114
E01002702,27.4555
E01002703,26.6831
E01002704,69.0566
E01002706,33.36
E01002707,28.0624
E01002708,13.2189
E01002709,19.705
E01002710,33.1128
E01002711,74.133
E01002712,21.5014
E01002713,24.9225
E01002714,13.6964
E01002715,14.1028
E01002716,30.694
E01002717,31.0247
E01002718,26.2902
E01002719,34.3107
E01002720,28.1167
E01002721,21.1955
E01002722,22.1086
E01002723,27.6439
E01002724,45.4733
E01002725,27.2715
E01002726,35.6992
E01002727,28.1132
E01002728,62.2681
E01002729,33.8392
E01002730,40.1437
E01002731,31.7312
E01002732,40.3834
E01002733,19.5539
E01002734,55.4333
E01002735,49.092
E01002736,32.6329
E01002737,16.8177
E01002738,21.782
E01002739,27.0659
E01002740,37.8588
E01002741,11.4166
E01002742,23.8055
E01002743,11.0826
E01002744,15.1962
E01002745,20.0709
E01002747,39.4803
E01002748,41.1852
E01002749,26.9795
E01002751,32.7617
E01002752,22.9514
E01002753,16.315
E01002754,24.4142
E01002755,10.6574
E01002756,14.3042
E01002757,9.18447
E01002758,12.3875
E01002759,19.867
E01002760,14.0107
E01002762,25.727
E01002763,30.5787
E01002764,20.9027
E01002765,22.0541
E01002766,16.8217
E01002767,25.1063
E01002768,18.2919
E01002769,13.79
E01002770,32.9969
E01002771,21.7377
E01002772,32.0962
E01002773,28.8444
E01002774,26.3706
E01002775,29.9869
E01002776,27.8195
E01002777,29.3468
E01002778,27.281
E01002779,18.1941
E01002780,23.9395
E01002781,19.3649
E01002782,21.4284
E01002783,15.8261
E01002784,12.7554
E01002785,15.3192
E01002786,20.9567
E01002787,17.1599
E01002788,12.1118
E01002789,14.6783
E01002790,30.8121
E01002791,38.1591
E01002792,26.0625
E01002793,31.008
E01002794,30.8784
E01002795,36.0788
E01002796,30.6772
E01002797,22.2697
E01002798,16.1488
E01002799,22.7646
E01002800,13.452
E01002801,30.5765
E01002802,17.2543
E01002803,25.1791
E01002804,11.407
E01002805,29.2731
E01002806,18.9807
E01002807,11.8171
E01002808,13.2818
E01002809,17.7167
E01002810,14.0945
E01002811,14.1516
E01002812,23.5375
E01002813,29.7005
E01002814,31.2039
E01002815,29.5387
E01002816,24.2709
E01002817,29.0841
E01002818,31.5435
E01002819,28.3974
E01002820,34.4006
E01002821,37.4767
E01002822,38.5273
E01002823,37.2848
E01002824,27.065
E01002825,22.672
E01002826,26.3509
E01002827,32.8848
E01002828,32.3139
E01002829,18.0796
E01002830,16.9603
E01002831,19.2919
E01002832,25.2258
E01002833,21.903
E01002834,34.3659
E01002835,35.604
E01002836,31.391
E01002837,29.7584
E01002838,32.8573
E01002839,31.5742
E01002840,17.2419
E01002841,15.3275
E01002842,14.217
E01002843,19.3673
E01002844,15.7065
E01002845,17.6744
E01002846,42.1646
E01002847,41.2676
E01002848,33.9916
E01002849,39.811
E01002850,36.9043
E01002851,35.14
E01002852,13.4376
E01002853,15.8165
E01002854,17.4662
E01002855,14.5085
E01002856,19.8893
E01002857,13.6267
E01002858,29.0481
E01002859,29.8852
E01002860,26.7535
E01002861,29.4804
E01002862,31.2463
E01002863,31.2776
E01002864,16.6478
E01002865,20.4897
E01002866,26.9904
E01002867,22.8196
E01002868,23.003
E01002869,43.0197
E01002870,11.7032
E01002871,26.9302
E01002872,15.3402
E01002873,36.1283
E01002874,21.2895
E01002875,22.6472
E01002876,9.38816
E01002877,12.1583
E01002878,19.8205
E01002879,14.7894
E01002880,12.1957
E01002881,8.05731
E01002882,28.0933
E01002883,33.9217
E01002884,36.2463
E01002885,34.894
E01002886,31.4419
E01002887,28.8027
E01002888,22.3701
E01002889,24.3973
E01002890,21.0747
E01002891,26.3964
E01002892,29.5309
E01002893,27.9939
E01002894,36.7694
E01002895,16.7174
E01002896,28.2103
E01002897,18.5748
E01002898,31.0002
E01002899,16.5782
E01002900,8.05119
E01002901,16.9927
E01002902,30.7221
E01002903,19.7045
E01002904,3.24476
E01002905,16.0745
E01002906,11.1901
E01002907,4.55538
E01002908,8.22836
E01002909,18.9976
E01002910,26.3773
E01002911,21.7758
E01002912,17.612
E01002913,19.0996
E01002914,32.079
E01002915,3.3283
E01002916,6.31406
E01002917,2.49089
E01002918,3.45427
E01002919,5.29739
E01002920,2.91745
E01002921,14.6424
E01002922,4.113
E01002923,9.89354
E01002924,2.6092
E01002925,7.2534
E01002926,5.24483
E01002927,3.25582
E01002928,6.95776
E01002929,7.38855
E01002930,13.7679
E01002931,9.02801
E01002932,4.00611
E01002933,11.0644
E01002934,3.95381
E01002935,16.1998
E01002937,16.9282
E01002938,5.36098
E01002939,6.24298
E01002940,8.02876
E01002941,3.10789
E01002942,7.82065
E01002943,2.07403
E01002944,3.17134
E01002945,4.9156
E01002946,2.88285
E01002947,5.81889
E01002948,1.23936
E01002949,5.12719
E01002950,2.73316
E01002951,7.41738
E01002952,2.54747
E01002953,2.55336
E01002954,14.9587
E01002955,4.07878
E01002956,3.67723
E01002957,4.3066
E01002958,5.58528
E01002959,3.30159
E01002960,7.77885
E01002961,5.42023
E01002962,2.68542
E01002963,9.69181
E01002964,17.4131
E01002965,11.902
E01002966,4.66422
E01002967,14.8438
E01002968,28.9117
E01002969,4.31628
E01002970,5.52709
E01002971,9.16555
E01002972,21.9308
E01002973,4.76649
E01002974,16.3499
E01002975,5.53548
E01002976,2.87663
E01002977,6.61485
E01002978,10.2614
E01002979,5.71697
E01002980,6.15185
E01002981,4.84664
E01002982,6.77607
E01002983,5.64901
E01002984,9.82914
E01002985,9.48606
E01002986,1.74032
E01002987,20.759
E01002988,10.5
E01002989,15.2118
E01002990,18.9405
E01002991,8.06871
E01002992,3.25729
E01002993,13.2017
E01002994,4.76875
E01002995,7.28883
E01002996,7.88066
E01002997,8.2064
E01002998,5.37745
E01002999,16.8724
E01003000,2.54443
E01003001,5.9546
E01003002,5.10982
E01003003,8.52682
E01003004,3.17455
E01003005,3.58681
E01003006,4.90209
E01003007,4.3341
E01003008,4.30716
E01003009,3.55607
E01003010,4.37413
E01003011,5.11657
E01003013,76.1444
E01003014,63.6987
E01003015,18.3133
E01003016,106.841
E01003017,107.861
E01003018,20.885
E01003019,13.2646
E01003020,34.9462
E01003021,14.6321
E01003022,11.2244
E01003023,22.0629
E01003024,18.3711
E01003025,14.2117
E01003026,17.087
E01003027,10.4829
E01003028,7.07734
E01003029,16.1552
E01003030,18.5586
E01003031,11.591
E01003032,26.4755
E01003033,10.8363
E01003034,10.543
E01003035,26.5789
E01003036,15.0854
E01003037,13.9905
E01003038,20.8984
E01003039,27.0005
E01003040,20.5203
E01003041,31.3175
E01003042,19.7273
E01003043,30.5943
E01003044,13.5642
E01003045,19.1527
E01003046,11.945
E01003047,45.9036
E01003048,18.2033
E01003049,29.2748
E01003050,39.9008
E01003051,22.2659
E01003052,24.6214
E01003053,30.8491
E01003054,28.8988
E01003055,37.587
E01003056,22.9267
E01003057,24.6367
E01003058,21.9789
E01003059,23.0769
E01003060,35.4203
E01003061,38.1137
E01003062,21.5518
E01003063,11.8555
E01003064,5.58747
E01003065,6.48521
E01003066,14.9435
E01003067,9.70269
E01003068,8.45872
E01003069,8.782
E01003070,9.30892
E01003071,19.4128
E01003072,16.3781
E01003073,12.0144
E01003074,16.4748
E01003075,15.815
E01003076,16.784
E01003077,13.715
E01003078,14.7264
E01003079,14.5822
E01003080,13.5065
E01003081,18.5632
E01003082,15.713
E01003083,9.22927
E01003084,18.3197
E01003085,9.49352
E01003086,9.36021
E01003087,8.64523
E01003088,22.2813
E01003089,12.0319
E01003090,27.2919
E01003091,11.2054
E01003092,14.3351
E01003093,29.4133
E01003094,25.5264
E01003095,20.3382
E01003096,23.9323
E01003097,19.1563
E01003098,20.3637
E01003099,36.3335
E01003100,29.4847
E01003101,43.76
E01003102,48.9786
E01003104,33.1821
E01003105,34.266
E01003106,24.5518
E01003107,40.2344
E01003108,34.503
E01003109,40.5233
E01003110,35.8431
E01003111,10.7118
E01003112,19.2349
E01003113,23.4474
E01003114,23.2293
E01003115,23.8308
E01003116,10.7579
E01003117,25.3702
E01003118,24.2963
E01003119,25.192
E01003120,32.4049
E01003121,15.0396
E01003122,11.1862
E01003123,20.2283
E01003124,25.4205
E01003125,22.0857
E01003126,31.3618
E01003127,29.9984
E01003128,25.1733
E01003129,22.0109
E01003130,28.5139
E01003131,26.0568
E01003132,7.06321
E01003133,22.9089
E01003134,11.9002
E01003135,23.9584
E01003136,18.4794
E01003137,27.1266
E01003138,14.1278
E01003139,11.4202
E01003140,10.1648
E01003141,15.497
E01003142,9.78606
E01003143,8.71718
E01003144,10.203
E01003145,19.2197
E01003146,11.387
E01003147,16.2004
E01003148,11.4274
E01003149,5.06236
E01003150,20.8747
E01003151,21.2
E01003152,9.85664
E01003153,30.5073
E01003154,3.8886
E01003155,21.3928
E01003156,6.41393
E01003157,12.3109
E01003158,5.545
E01003159,8.65718
E01003160,10.5807
E01003161,12.1883
E01003162,16.3414
E01003163,10.7231
E01003164,25.453
E01003165,11.2646
E01003166,28.0271
E01003167,19.8273
E01003168,11.984
E01003169,20.2196
E01003170,14.5917
E01003171,15.1857
E01003172,9.28574
E01003173,11.1269
E01003174,18.4958
E01003175,5.59811
E01003176,35.6581
E01003177,21.6908
E01003178,18.2823
E01003179,8.65668
E01003180,8.44229
E01003181,23.1787
E01003182,6.63217
E01003183,22.3691
E01003184,15.43
E01003185,20.292
E01003186,20.7004
E01003187,8.36782
E01003188,12.2311
E01003189,6.55551
E01003190,9.6281
E01003191,6.17321
E01003192,3.95064
E01003193,7.18445
E01003194,11.355
E01003195,4.84938
E01003196,8.83732
E01003197,5.55736
E01003198,16.2482
E01003199,17.7425
E01003200,15.4334
E01003201,43.6123
E01003202,17.5475
E01003203,11.7271
E01003204,12.553
E01003205,19.8528
E01003206,21.4174
E01003207,31.5761
E01003209,27.8807
E01003210,25.7272
E01003211,19.7389
E01003212,17.5802
E01003213,15.4353
E01003214,18.1305
E01003215,39.7127
E01003216,14.1614
E01003217,7.84483
E01003218,5.89341
E01003219,3.79319
E01003220,8.7527
E01003221,15.5751
E01003222,6.46738
E01003223,12.3205
E01003224,8.66499
E01003225,7.02174
E01003226,19.141
E01003227,15.2386
E01003228,15.068
E01003229,9.09471
E01003230,8.57196
E01003231,12.7198
E01003232,15.2676
E01003233,11.1733
E01003235,4.16014
E01003236,17.1828
E01003237,10.6293
E01003238,9.70003
E01003239,5.44186
E01003240,7.72376
E01003241,10.5184
E01003243,7.80167
E01003244,4.91866
E01003245,13.3131
E01003246,6.99427
E01003247,10.2319
E01003248,6.35092
E01003249,2.83914
E01003250,8.58491
E01003251,9.42057
E01003252,11.4155
E01003253,18.2678
E01003254,11.1167
E01003255,18.9721
E01003256,15.4436
E01003257,12.2975
E01003258,6.07771
E01003259,9.01367
E01003260,8.00508
E01003261,13.531
E01003262,11.5878
E01003263,13.9215
E01003264,14.2413
E01003265,13.9017
E01003266,7.1715
E01003267,5.4314
E01003268,6.94463
E01003269,6.04856
E01003270,4.45343
E01003271,4.37984
E01003272,15.8681
E01003273,17.8771
E01003274,13.7806
E01003275,7.1541
E01003276,10.4773
E01003277,16.5674
E01003278,30.0924
E01003279,18.5539
E01003280,9.66852
E01003281,9.32453
E01003282,13.6584
E01003283,9.86484
E01003284,9.34675
E01003285,11.4204
E01003286,11.6937
E01003287,11.4132
E01003288,34.2066
E01003290,15.0935
E01003291,17.8838
E01003292,12.2233
E01003293,14.3757
E01003295,11.515
E01003296,43.3484
E01003297,1.97711
E01003298,4.20951
E01003299,32.8935
E01003300,18.7993
E01003301,17.1061
E01003302,8.76019
E01003303,35.4971
E01003304,30.0178
E01003305,9.80878
E01003307,5.48879
E01003308,11.0308
E01003309,12.3692
E01003310,16.3686
E01003311,5.75959
E01003312,5.94647
E01003313,7.63834
E01003314,7.41916
E01003315,15.8232
E01003316,8.61095
E01003317,16.2203
E01003318,26.3736
E01003319,21.3732
E01003320,6.65121
E01003321,19.4035
E01003322,13.4777
E01003323,11.9713
E01003324,24.554
E01003325,19.5259
E01003326,11.3001
E01003327,18.9543
E01003328,19.7274
E01003329,13.481
E01003330,6.51841
E01003331,13.6935
E01003332,5.94925
E01003333,7.60953
E01003334,20.7348
E01003335,12.9888
E01003336,14.8687
E01003337,13.0547
E01003338,29.6602
E01003339,24.2591
E01003340,33.1725
E01003341,18.1692
E01003342,16.5893
E01003343,15.792
E01003344,17.3481
E01003345,17.3822
E01003346,3.97314
E01003347,4.4402
E01003348,7.65764
E01003349,12.3981
E01003350,3.14528
E01003351,5.52452
E01003352,13.3553
E01003353,7.83899
E01003354,3.63078
E01003355,25.4402
E01003356,13.1063
E01003357,15.4816
E01003358,36.2575
E01003359,14.7625
E01003360,18.9816
E01003361,7.45239
E01003362,3.71779
E01003363,5.49373
E01003364,4.02379
E01003365,12.2574
E01003366,8.68426
E01003367,15.0427
E01003368,9.05606
E01003369,19.9008
E01003370,19.7909
E01003371,14.6225
E01003372,11.3062
E01003373,7.48357
E01003374,11.8388
E01003375,7.83687
E01003376,5.64445
E01003377,7.18775
E01003378,8.626
E01003379,14.4397
E01003380,8.28846
E01003381,19.927
E01003382,13.7653
E01003383,37.3532
E01003384,35.7011
E01003385,16.9143
E01003386,12.8065
E01003387,9.23468
E01003388,16.9948
E01003389,13.6858
E01003390,17.7537
E01003391,7.98264
E01003392,13.2469
E01003393,14.7846
E01003394,8.76462
E01003395,5.47662
E01003396,17.2958
E01003397,11.2521
E01003398,5.31892
E01003399,11.3375
E01003400,33.3128
E01003401,32.8755
E01003402,35.699
E01003403,14.6514
E01003404,8.77915
E01003405,8.7204
E01003406,4.99712
E01003407,6.25572
E01003408,7.14678
E01003409,12.88
E01003410,4.68962
E01003411,8.42354
E01003412,7.83577
E01003413,6.36644
E01003414,7.21815
E01003415,7.99296
E01003416,4.25006
E01003417,5.57126
E01003418,3.34478
E01003419,2.1267
E01003420,4.12135
E01003421,4.1522
E01003422,4.62291
E01003423,9.53741
E01003424,6.45468
E01003425,9.45613
E01003426,19.607
E01003427,21.2806
E01003428,10.2727
E01003429,3.24513
E01003430,5.6941
E01003431,6.36314
E01003432,3.28533
E01003433,7.02112
E01003434,5.49733
E01003435,5.77996
E01003436,6.70493
E01003437,5.86911
E01003438,8.94532
E01003439,18.5506
E01003440,8.36575
E01003441,8.32926
E01003442,8.01111
E01003443,17.4482
E01003444,13.2741
E01003445,6.61758
E01003446,21.2699
E01003447,6.35632
E01003448,7.52996
E01003449,6.85918
E01003450,9.92658
E01003451,6.56381
E01003452,8.20617
E01003453,13.9437
E01003454,18.8445
E01003455,2.81533
E01003456,37.5846
E01003457,9.78008
E01003458,9.69461
E01003459,12.2569
E01003460,1.15624
E01003461,15.0446
E01003462,2.39774
E01003463,3.03817
E01003464,3.22688
E01003465,4.60562
E01003466,6.31772
E01003467,4.29369
E01003468,5.13388
E01003469,7.42762
E01003470,9.1327
E01003471,10.6204
E01003472,7.95835
E01003473,8.69213
E01003474,5.25547
E01003475,7.37352
E01003476,14.4573
E01003477,8.2588
E01003478,8.9586
E01003479,4.70753
E01003480,11.4285
E01003481,8.92584
E01003482,4.15393
E01003483,3.34734
E01003484,6.39175
E01003485,4.60985
E01003486,12.3745
E01003487,9.19224
E01003488,13.0299
E01003489,19.6277
E01003490,13.6029
E01003491,20.1882
E01003492,15.4253
E01003493,13.9254
E01003494,9.82311
E01003495,6.40517
E01003496,19.671
E01003497,11.2243
E01003498,8.73607
E01003499,16.0956
E01003500,12.1732
E01003501,11.6261
E01003502,20.8784
E01003503,24.5424
E01003506,9.13872
E01003507,16.3614
E01003508,11.0032
E01003509,12.9488
E01003511,5.39377
E01003512,11.3688
E01003513,4.65631
E01003514,6.13672
E01003515,10.8545
E01003516,9.82262
E01003517,9.32713
E01003518,4.54481
E01003519,8.22171
E01003520,23.2827
E01003521,25.6434
E01003522,16.0592
E01003523,17.8566
E01003524,14.6133
E01003525,18.3456
E01003526,18.6487
E01003527,8.39999
E01003528,3.17835
E01003529,17.9732
E01003530,11.7425
E01003531,19.0651
E01003532,21.7079
E01003533,14.754
E01003534,12.3019
E01003535,3.3945
E01003536,4.90053
E01003537,7.36675
E01003538,6.49134
E01003539,2.69865
E01003540,8.25078
E01003541,2.87957
E01003542,8.42999
E01003543,12.5267
E01003544,8.799
E01003545,6.31559
E01003546,12.0341
E01003547,7.69752
E01003548,7.01348
E01003549,10.3661
E01003550,10.7182
E01003551,9.06683
E01003552,5.3028
E01003553,10.4817
E01003554,7.91034
E01003555,14.649
E01003556,17.3377
E01003557,12.8663
E01003558,14.4861
E01003559,24.7553
E01003560,8.61398
E01003561,10.2981
E01003562,10.1756
E01003563,5.39495
E01003564,14.3581
E01003565,16.1991
E01003566,18.7171
E01003567,12.3867
E01003568,14.8205
E01003569,18.6924
E01003570,13.3864
E01003571,10.3242
E01003572,8.02012
E01003573,13.0944
E01003574,9.48282
E01003575,4.27964
E01003576,12.8318
E01003577,5.50853
E01003578,3.56902
E01003579,9.41612
E01003580,1.17726
E01003581,8.38933
E01003582,4.41749
E01003583,5.24861
E01003584,7.22095
E01003585,13.6621
E01003586,12.6977
E01003587,14.6578
E01003588,10.8009
E01003589,10.3726
E01003590,13.1008
E01003591,17.7402
E01003592,13.6495
E01003593,15.7011
E01003594,16.5802
E01003595,18.8175
E01003596,12.212
E01003597,10.9827
E01003598,15.9015
E01003599,13.4215
E01003600,17.2504
E01003601,12.1924
E01003602,18.4545
E01003603,8.13435
E01003604,10.7325
E01003605,17.2512
E01003606,17.6529
E01003607,20.1833
E01003608,12.9713
E01003609,7.18759
E01003611,9.15887
E01003615,11.6137
E01003616,34.6324
E01003617,59.1653
E01003618,25.2503
E01003619,40.515
E01003621,11.0746
E01003622,9.4127
E01003623,3.98783
E01003624,9.70651
E01003625,2.24658
E01003626,10.7481
E01003627,15.8248
E01003628,10.1432
E01003629,21.6487
E01003630,20.1386
E01003631,23.017
E01003632,23.7054
E01003633,22.1395
E01003634,19.4848
E01003635,6.72217
E01003636,18.2501
E01003637,17.3712
E01003638,7.82279
E01003639,5.35247
E01003640,0.891551
E01003641,6.08104
E01003642,5.41646
E01003643,5.96298
E01003644,6.94914
E01003645,11.253
E01003646,13.3475
E01003647,12.7746
E01003648,5.11642
E01003649,3.43863
E01003650,6.182
E01003651,10.8085
E01003652,7.6987
E01003653,13.6713
E01003654,9.13834
E01003655,11.1364
E01003656,3.11463
E01003657,2.73934
E01003658,8.55628
E01003659,2.69963
E01003660,2.5003
E01003661,10.5653
E01003662,14.3803
E01003663,5.48835
E01003664,1.53675
E01003665,3.62429
E01003666,4.47327
E01003668,12.9246
E01003669,4.76334
E01003670,4.84771
E01003671,4.87334
E01003672,8.67179
E01003673,6.37091
E01003674,10.545
E01003675,11.5031
E01003676,10.1765
E01003677,5.01901
E01003678,3.19564
E01003679,3.11889
E01003680,2.55314
E01003681,4.16421
E01003682,2.94155
E01003683,3.94166
E01003684,3.71843
E01003685,5.96544
E01003686,10.4412
E01003688,8.52361
E01003689,29.5026
E01003690,12.4863
E01003691,2.06048
E01003692,17.2519
E01003693,5.21931
E01003694,11.0764
E01003695,10.6365
E01003696,12.7752
E01003697,10.8525
E01003698,5.6394
E01003699,5.7749
E01003700,8.81077
E01003701,14.1653
E01003702,7.6979
E01003703,1.67227
E01003704,10.8331
E01003705,10.4512
E01003706,3.8223
E01003707,3.26508
E01003708,2.56803
E01003709,3.22212
E01003710,3.59441
E01003711,7.56211
E01003712,3.41703
E01003713,10.8117
E01003714,13.1831
E01003715,11.374
E01003716,7.22206
E01003718,12.6756
E01003719,9.40997
E01003720,4.5279
E01003721,9.19717
E01003722,4.71604
E01003723,4.89036
E01003724,4.50582
E01003725,5.86856
E01003726,1.29928
E01003727,4.51828
E01003728,25.6946
E01003729,14.6289
E01003730,6.63365
E01003731,5.1061
E01003732,2.88878
E01003733,6.61515
E01003734,11.5644
E01003735,5.17311
E01003736,11.9216
E01003737,4.98618
E01003738,5.93214
E01003739,4.70962
E01003740,4.86374
E01003741,7.34523
E01003742,9.43608
E01003743,5.92626
E01003744,3.26105
E01003745,3.23111
E01003746,4.027
E01003747,6.66185
E01003748,7.79245
E01003749,10.9326
E01003750,6.17191
E01003751,4.75922
E01003752,10.3576
E01003753,11.4789
E01003754,7.77639
E01003755,10.0697
E01003756,6.81042
E01003757,8.02507
E01003758,6.232
E01003759,7.26913
E01003760,5.04545
E01003761,3.23433
E01003762,3.64903
E01003763,2.30167
E01003764,7.13022
E01003765,9.52741
E01003766,7.73922
E01003767,10.8431
E01003768,9.05979
E01003769,12.8205
E01003770,5.43161
E01003771,7.49614
E01003772,4.92969
E01003773,10.7614
E01003774,9.7145
E01003775,8.42769
E01003776,10.911
E01003777,18.1439
E01003778,18.1585
E01003779,16.8956
E01003780,3.48404
E01003781,21.473
E01003782,19.5457
E01003783,31.033
E01003784,6.91525
E01003785,10.1838
E01003786,4.31107
E01003787,8.02686
E01003788,18.5283
E01003789,13.8459
E01003790,0.792167
E01003791,5.63005
E01003792,4.31212
E01003793,3.62257
E01003794,4.31912
E01003795,4.09305
E01003796,9.25719
E01003797,6.10932
E01003798,9.16319
E01003799,6.33032
E01003800,11.1344
E01003801,8.47715
E01003802,5.28207
E01003803,5.81326
E01003804,7.54872
E01003805,1.12237
E01003806,0.811559
E01003807,9.86465
E01003808,9.59648
E01003809,4.66209
E01003810,11.1387
E01003811,8.2283
E01003812,11.0846
E01003813,4.57371
E01003814,6.42948
E01003815,4.81855
E01003816,1.71255
E01003817,1.10055
E01003818,2.11795
E01003819,1.73335
E01003820,3.48605
E01003821,5.45005
E01003822,5.04173
E01003823,2.93877
E01003824,5.92928
E01003825,3.41686
E01003826,2.08333
E01003827,4.66336
E01003828,4.59622
E01003829,3.80589
E01003830,4.82117
E01003831,3.87613
E01003832,3.55058
E01003833,4.08739
E01003834,6.75003
E01003835,3.94543
E01003836,6.58638
E01003837,1.94871
E01003838,6.61121
E01003839,10.2645
E01003840,4.07902
E01003841,3.71158
E01003842,3.1675
E01003843,4.02523
E01003844,6.60147
E01003845,2.95048
E01003846,6.95003
E01003847,3.82784
E01003848,15.4261
E01003849,8.61002
E01003851,8.76742
E01003852,12.4464
E01003853,9.37238
E01003854,10.799
E01003855,5.30982
E01003856,8.33843
E01003857,6.61309
E01003858,7.39134
E01003859,8.3253
E01003860,7.28793
E01003861,23.9086
E01003862,12.0508
E01003863,15.0247
E01003864,14.337
E01003865,7.77851
E01003866,7.67142
E01003867,7.95438
E01003868,12.3467
E01003869,11.5189
E01003870,8.73501
E01003871,4.939
E01003872,6.44728
E01003873,26.0067
E01003874,13.3992
E01003875,6.25354
E01003876,27.4481
E01003877,14.9334
E01003878,1.55146
E01003879,3.26691
E01003880,10.0568
E01003881,6.11107
E01003882,16.6946
E01003883,9.50809
E01003884,10.1512
E01003885,9.96644
E01003886,10.9734
E01003887,11.9381
E01003888,4.75512
E01003889,2.32395
E01003890,5.62006
E01003891,6.25637
E01003892,8.13706
E01003893,12.1823
E01003894,14.35
E01003895,10.5819
E01003896,19.8683
E01003897,21.7385
E01003898,11.1942
E01003899,8.2658
E01003900,7.3949
E01003901,1.69309
E01003902,7.08943
E01003903,5.39507
E01003904,5.06126
E01003905,5.18296
E01003906,7.87389
E01003907,2.00928
E01003908,6.12218
E01003909,7.82695
E01003910,4.11358
E01003911,14.285
E01003912,13.4737
E01003913,25.1306
E01003914,13.8509
E01003915,7.36537
E01003916,7.25009
E01003917,12.0831
E01003918,18.7464
E01003919,20.7302
E01003920,21.9918
E01003921,33.812
E01003922,27.1055
E01003923,19.9945
E01003924,23.2131
E01003925,16.701
E01003926,15.3548
E01003927,79.5195
E01003929,92.32
E01003930,98.7026
E01003932,78.2513
E01003933,63.6931
E01003934,75.8419
E01003935,71.412
E01003936,55.6753
E01003937,76.3364
E01003938,63.9147
E01003939,89.4512
E01003940,31.057
E01003941,19.919
E01003942,30.0469
E01003943,65.1941
E01003945,6.43321
E01003946,8.85067
E01003947,8.84743
E01003948,15.3887
E01003949,9.00387
E01003950,8.68232
E01003951,4.94678
E01003952,16.5506
E01003953,17.4577
E01003954,12.4087
E01003955,11.1178
E01003956,11.4817
E01003957,9.48494
E01003958,11.488
E01003960,32.6668
E01003961,21.5532
E01003963,27.8448
E01003964,12.6048
E01003966,19.6325
E01003967,19.6174
E01003968,6.82276
E01003969,20.5273
E01003970,9.20853
E01003971,13.4816
E01003972,14.3897
E01003973,23.6952
E01003974,9.0756
E01003975,10.9034
E01003976,21.5032
E01003977,7.06045
E01003978,9.21538
E01003979,18.2871
E01003980,15.5438
E01003981,84.3865
E01003983,13.772
E01003984,20.6753
E01003986,13.1411
E01003987,4.31175
E01003988,10.7857
E01003989,9.99103
E01003990,11.0672
E01003991,8.15529
E01003992,16.5964
E01003993,8.92975
E01003994,35.947
E01003995,45.6154
E01003997,18.504
E01003998,34.3612
E01003999,18.3586
E01004000,13.3242
E01004001,8.26902
E01004002,7.92082
E01004003,17.3645
E01004004,23.1322
E01004005,24.5143
E01004006,16.3159
E01004007,10.8004
E01004008,28.8441
E01004010,25.2333
E01004011,10.4316
E01004012,5.62015
E01004013,14.4653
E01004014,6.73928
E01004015,10.0316
E01004016,8.0044
E01004017,7.87077
E01004018,6.66859
E01004019,11.8681
E01004020,4.82233
E01004021,16.2104
E01004022,15.2282
E01004023,14.8683
E01004024,14.9454
E01004027,70.7293
E01004028,12.6684
E01004029,17.8708
E01004030,20.2074
E01004031,27.0332
E01004032,18.9261
E01004033,25.9337
E01004034,17.0703
E01004035,17.2006
E01004036,22.6585
E01004037,12.224
E01004038,11.1853
E01004039,12.7657
E01004040,18.2292
E01004041,14.4436
E01004042,9.92028
E01004043,7.1296
E01004044,11.5705
E01004045,15.3488
E01004046,16.7826
E01004047,14.5472
E01004048,11.6454
E01004049,21.3117
E01004050,13.6149
E01004051,21.4085
E01004052,13.678
E01004053,11.503
E01004054,4.73782
E01004055,4.43278
E01004056,4.48725
E01004057,8.45748
E01004058,3.33372
E01004059,17.7769
E01004060,19.2869
E01004061,23.2533
E01004062,30.5572
E01004063,25.4598
E01004064,20.416
E01004065,21.1206
E01004066,23.8717
E01004067,39.3049
E01004068,17.4789
E01004069,6.49154
E01004070,13.7166
E01004071,11.1411
E01004072,10.2607
E01004073,18.2363
E01004074,18.376
E01004075,5.99604
E01004076,3.77595
E01004077,7.05502
E01004078,3.24312
E01004079,4.75835
E01004080,8.65035
E01004081,5.10348
E01004082,6.09718
E01004083,3.38368
E01004084,3.22483
E01004085,1.54295
E01004086,5.73115
E01004087,4.41837
E01004088,3.09877
E01004089,4.1885
E01004090,8.44048
E01004091,4.25247
E01004092,4.75012
E01004093,3.47156
E01004094,7.4126
E01004095,3.52492
E01004096,5.89197
E01004097,9.32313
E01004098,9.22396
E01004099,10.5112
E01004100,9.47192
E01004101,6.18213
E01004102,9.73324
E01004103,6.0167
E01004104,7.20562
E01004105,7.63036
E01004106,2.67298
E01004107,4.93898
E01004108,0.70214
E01004109,2.80366
E01004110,9.51512
E01004111,6.75066
E01004112,6.1355
E01004114,0.541711
E01004115,3.24227
E01004116,3.31165
E01004117,1.40874
E01004118,8.16664
E01004119,6.30588
E01004120,5.05801
E01004121,8.31877
E01004122,4.23612
E01004123,8.48172
E01004124,3.97712
E01004125,6.71199
E01004126,7.11746
E01004127,5.67364
E01004128,6.5381
E01004129,9.46177
E01004130,4.30973
E01004131,5.57155
E01004132,4.67314
E01004133,3.93757
E01004134,6.81465
E01004135,4.40326
E01004136,4.69217
E01004137,26.1402
E01004138,7.84391
E01004139,14.2341
E01004140,17.5219
E01004141,9.34952
E01004142,26.9452
E01004143,16.9251
E01004144,9.66375
E01004145,7.51904
E01004146,15.8272
E01004147,3.92044
E01004148,9.0427
E01004149,9.58367
E01004150,20.9115
E01004151,7.49818
E01004152,21.2158
E01004153,9.76001
E01004154,3.80326
E01004155,10.2037
E01004156,24.6079
E01004157,10.4998
E01004158,11.7387
E01004159,6.7979
E01004160,8.87518
E01004161,5.60948
E01004162,24.0352
E01004163,4.52095
E01004164,7.52413
E01004165,10.4605
E01004166,7.40919
E01004167,5.05317
E01004168,4.51784
E01004169,3.35493
E01004170,14.5635
E01004171,6.44747
E01004172,12.2242
E01004173,5.45471
E01004174,13.1422
E01004175,5.46785
E01004176,9.35599
E01004177,14.8969
E01004178,14.1124
E01004179,8.52539
E01004180,4.53779
E01004181,5.01894
E01004182,7.58279
E01004183,5.65039
E01004184,3.30352
E01004185,4.87253
E01004186,5.5434
E01004187,3.77943
E01004188,8.86803
E01004189,4.47979
E01004190,5.60699
E01004191,8.52861
E01004192,3.14772
E01004193,1.71941
E01004194,3.73655
E01004195,9.10362
E01004196,5.46255
E01004197,29.8934
E01004198,33.5544
E01004199,32.2057
E01004200,26.5526
E01004201,19.28
E01004202,21.4444
E01004203,34.5256
E01004204,21.0849
E01004205,28.123
E01004206,38.9577
E01004207,25.6746
E01004208,35.6349
E01004209,40.5405
E01004211,32.3515
E01004212,38.7847
E01004214,9.50465
E01004215,14.2162
E01004216,7.79228
E01004217,11.7223
E01004218,9.59182
E01004219,19.2056
E01004221,13.4632
E01004222,6.98327
E01004223,5.92212
E01004224,8.30931
E01004225,20.7924
E01004226,10.4038
E01004228,17.148
E01004229,29.3354
E01004230,27.5519
E01004231,29.3028
E01004232,32.0417
E01004233,6.28465
E01004234,7.25082
E01004235,25.726
E01004236,21.991
E01004237,18.5001
E01004238,17.7536
E01004239,16.9909
E01004240,8.6288
E01004241,8.70052
E01004242,10.2595
E01004243,7.29609
E01004244,13.0746
E01004245,7.16725
E01004246,12.0728
E01004247,19.0953
E01004248,13.895
E01004249,7.31393
E01004250,8.37663
E01004251,23.5241
E01004252,16.7394
E01004253,13.7573
E01004254,20.1735
E01004255,27.821
E01004256,13.9344
E01004257,15.2477
E01004258,18.4802
E01004259,31.9958
E01004260,21.7834
E01004261,28.593
E01004262,16.9731
E01004263,19.8637
E01004264,23.0744
E01004266,22.3715
E01004267,21.3283
E01004268,24.2133
E01004269,31.7244
E01004270,23.2713
E01004271,14.9648
E01004272,10.4517
E01004273,12.7581
E01004274,8.98745
E01004275,10.8607
E01004276,10.597
E01004277,21.6196
E01004280,7.43067
E01004281,9.99369
E01004283,17.323
E01004284,18.5436
E01004285,18.3407
E01004286,25.1716
E01004287,22.6712
E01004288,24.2715
E01004289,19.8905
E01004290,22.4236
E01004291,14.1009
E01004292,11.6572
E01004293,22.5279
E01004294,28.0476
E01004295,19.1191
E01004296,18.8066
E01004297,18.1956
E01004298,27.7415
E01004300,26.0274
E01004301,27.0338
E01004302,32.6974
E01004303,21.2281
E01004304,26.5155
E01004305,24.8217
E01004306,46.8554
E01004307,76.633
E01004308,17.9988
E01004309,38.8114
E01004310,91.2215
E01004311,25.8851
E01004312,15.0609
E01004313,23.7138
E01004314,15.0317
E01004315,26.8641
E01004316,40.0847
E01004317,26.3875
E01004318,17.2967
E01004319,27.4237
E01004321,31.5002
E01004322,35.3089
E01004323,31.3955
E01004324,22.2961
E01004325,41.3271
E01004326,29.3182
E01004327,6.34881
E01004328,9.28759
E01004329,4.81106
E01004330,6.35237
E01004331,7.28664
E01004332,9.08841
E01004333,15.0356
E01004334,10.6936
E01004335,12.1712
E01004336,24.4388
E01004337,19.5516
E01004338,22.3495
E01004339,18.5877
E01004340,17.6236
E01004341,10.5235
E01004342,6.83652
E01004343,6.11766
E01004344,6.04218
E01004345,5.84532
E01004346,7.4411
E01004347,6.88917
E01004348,7.85289
E01004349,2.60566
E01004350,4.14689
E01004351,4.51648
E01004352,5.24564
E01004353,6.12753
E01004354,12.4894
E01004355,3.71726
E01004356,2.9095
E01004357,4.8265
E01004358,6.90069
E01004359,8.0844
E01004360,4.52015
E01004361,3.55343
E01004362,7.0128
E01004363,12.969
E01004364,16.0909
E01004365,23.6092
E01004366,8.71114
E01004367,15.6319
E01004368,13.33
E01004369,9.78475
E01004370,9.52782
E01004371,19.5027
E01004372,8.72288
E01004373,17.7363
E01004374,19.7298
E01004375,20.0761
E01004376,24.7734
E01004377,3.08518
E01004378,6.17796
E01004379,8.17743
E01004380,2.82789
E01004381,8.76649
E01004382,5.87665
E01004383,6.11087
E01004384,5.84033
E01004385,3.257
E01004386,4.42532
E01004387,3.75753
E01004388,6.7736
E01004389,4.8808
E01004390,3.63477
E01004391,10.313
E01004392,18.7884
E01004393,15.195
E01004394,14.7573
E01004395,1.08716
E01004396,14.3206
E01004397,28.8613
E01004398,4.36378
E01004399,2.59091
E01004400,5.89225
E01004401,6.75099
E01004402,3.6788
E01004403,5.86788
E01004404,5.17408
E01004405,19.4201
E01004406,27.6919
E01004407,9.34314
E01004408,13.0956
E01004409,22.0624
E01004410,11.5197
E01004411,32.454
E01004412,19.3702
E01004413,5.41724
E01004414,7.9471
E01004415,4.49868
E01004416,3.92694
E01004417,7.4391
E01004418,7.82563
E01004419,7.7111
E01004420,20.7897
E01004421,11.1775
E01004422,4.31176
E01004423,13.0784
E01004424,8.5424
E01004425,9.56044
E01004426,8.41691
E01004427,4.97309
E01004428,4.58703
E01004429,5.34133
E01004430,15.1683
E01004432,9.69303
E01004434,3.73113
E01004435,11.7187
E01004436,17.9811
E01004437,22.0963
E01004438,23.2982
E01004439,20.6552
E01004440,25.9134
E01004441,22.3005
E01004442,14.7691
E01004443,31.5323
E01004444,17.6674
E01004445,16.6579
E01004446,12.5915
E01004447,16.1854
E01004448,4.27719
E01004449,4.72708
E01004450,2.76542
E01004451,3.8228
E01004452,8.98181
E01004453,3.34808
E01004454,7.48551
E01004455,8.81325
E01004456,2.38199
E01004457,8.10185
E01004458,9.88024
E01004459,5.33983
E01004460,11.8487
E01004461,14.3995
E01004462,12.752
E01004463,6.27086
E01004464,10.4803
E01004465,14.7005
E01004466,10.3848
E01004467,14.8805
E01004468,4.49017
E01004469,7.57519
E01004470,11.0759
E01004471,9.51262
E01004472,20.7403
E01004473,24.1924
E01004474,29.0897
E01004475,24.9317
E01004476,18.7539
E01004477,9.35808
E01004478,4.45571
E01004479,12.3193
E01004480,19.3993
E01004481,22.8586
E01004482,13.3416
E01004483,6.24734
E01004484,13.0266
E01004485,24.8053
E01004486,4.88674
E01004487,12.9393
E01004488,19.2578
E01004489,10.8804
E01004490,15.6594
E01004491,6.74427
E01004492,8.64266
E01004493,14.1712
E01004494,11.3518
E01004495,17.9979
E01004496,21.0131
E01004497,15.219
E01004498,20.2181
E01004499,13.0666
E01004500,22.307
E01004501,16.8442
E01004502,8.41914
E01004503,9.28372
E01004504,6.65436
E01004505,12.6739
E01004506,26.1798
E01004507,21.2298
E01004508,65.3732
E01004509,20.3022
E01004510,28.6528
E01004511,16.4034
E01004512,11.5559
E01004513,11.2959
E01004514,23.4007
E01004515,46.4096
E01004516,4.56366
E01004517,10.9106
E01004518,7.33567
E01004519,13.9156
E01004520,9.27835
E01004521,6.997
E01004522,7.78763
E01004523,5.71449
E01004524,8.76703
E01004525,34.2824
E01004526,30.668
E01004527,26.6789
E01004528,18.0832
E01004529,22.4067
E01004530,22.1033
E01004531,16.0131
E01004532,3.44266
E01004533,11.8904
E01004534,33.3069
E01004535,60.8192
E01004536,69.971
E01004537,58.4702
E01004538,17.3906
E01004539,7.90831
E01004540,9.46682
E01004541,54.9333
E01004542,18.8609
E01004543,18.2374
E01004544,26.0442
E01004545,30.2327
E01004546,23.4633
E01004547,18.7098
E01004548,23.9227
E01004549,15.9668
E01004550,19.0034
E01004551,80.0165
E01004552,70.7844
E01004553,56.0727
E01004554,16.7995
E01004555,6.42138
E01004556,25.5357
E01004557,22.3937
E01004558,5.91175
E01004559,9.93922
E01004560,6.67686
E01004562,12.2579
E01004563,15.8112
E01004564,15.8483
E01004565,17.9822
E01004566,23.1705
E01004567,5.71263
E01004568,6.27377
E01004569,9.73148
E01004570,9.87565
E01004571,10.0612
E01004572,7.32364
E01004573,3.67013
E01004574,4.84142
E01004575,5.3535
E01004576,1.03424
E01004577,11.8297
E01004579,10.0409
E01004580,35.848
E01004581,7.53358
E01004582,9.28919
E01004583,11.1926
E01004584,8.64758
E01004585,54.162
E01004586,58.5304
E01004587,11.8972
E01004588,71.3531
E01004589,24.4017
E01004590,7.74313
E01004591,13.6658
E01004592,11.5652
E01004593,8.33756
E01004594,11.3183
E01004595,7.9174
E01004596,11.5288
E01004597,7.43252
E01004598,17.8299
E01004599,7.76611
E01004600,19.9831
E01004601,10.5263
E01004602,29.104
E01004604,6.57518
E01004605,6.04081
E01004606,13.7766
E01004607,18.6834
E01004608,30.8216
E01004609,32.7799
E01004610,13.9811
E01004611,14.3291
E01004612,17.9333
E01004613,25.5224
E01004614,20.741
E01004615,11.9066
E01004616,31.1881
E01004617,14.5109
E01004618,15.3782
E01004619,5.1342
E01004620,4.91633
E01004621,12.7501
E01004622,3.16192
E01004623,11.9191
E01004624,9.31174
E01004625,3.97119
E01004626,6.00695
E01004627,16.2964
E01004628,5.31662
E01004629,9.32165
E01004630,8.87223
E01004631,8.34233
E01004632,9.61406
E01004633,9.569
E01004634,5.70922
E01004635,9.45485
E01004636,4.895
E01004637,6.43003
E01004638,3.91931
E01004639,4.88593
E01004640,8.41123
E01004641,11.3352
E01004642,4.81162
E01004643,11.1144
E01004644,6.22767
E01004645,6.09325
E01004646,17.3159
E01004647,14.8005
E01004648,18.6008
E01004649,21.6555
E01004650,21.5086
E01004651,22.4332
E01004652,46.8112
E01004653,22.0553
E01004654,26.1461
E01004656,32.9717
E01004657,65.4648
E01004658,60.5846
E01004659,51.7312
E01004660,67.5543
E01004661,67.4532
E01004662,64.3299
E01004663,62.8432
E01004665,9.84175
E01004666,57.5241
E01004667,46.0239
E01004668,12.0873
E01004669,11.9224
E01004670,22.7722
E01004674,21.5926
E01004675,21.7743
E01004676,19.9467
E01004677,20.7789
E01004678,23.154
E01004679,20.8297
E01004680,52.2843
E01004681,48.2925
E01004682,58.4605
E01004683,51.9145
E01004684,59.6186
E01004686,52.7642
E01004687,56.1355
E01004688,17.0752
E01004689,21.6517
E01004690,79.5459
E01004691,36.6798
E01004692,19.0912
E01004693,32.3528
E01004694,42.605
E01004695,28.8042
E01004696,35.8808
E01004697,46.771
E01004698,32.0154
E01004699,36.6663
E01004700,43.6558
E01004701,20.3509
E01004702,35.2074
E01004703,29.3416
E01004705,21.3213
E01004706,16.191
E01004707,16.003
E01004708,20.4872
E01004709,20.2799
E01004710,24.3461
E01004711,19.8554
E01004712,63.3469
E01004713,50.0415
E01004714,63.5465
E01004715,52.7533
E01004716,47.6987
E01004717,53.748
E01004718,20.4329
E01004719,16.6143
E01004720,19.3185
E01004721,15.3964
E01004722,18.957
E01004723,21.6252
E01004724,14.764
E01004725,16.858
E01004726,20.4304
E01004727,18.3946
E01004728,22.9104
E01004729,19.9814
E01004730,2.84279
E01004731,58.0502
E01004732,44.0277
E01004733,43.3912
E01004734,97.9024
E01004735,94.2208
E01004736,62.2872
E01004737,34.2711
E01004738,22.3783
E01004739,12.1385
E01004740,61.1723
E01004741,48.6476
E01004742,44.3935
E01004743,21.7622
E01004744,62.921
E01004745,27.4992
E01004746,23.0741
E01004747,54.0743
E01004748,78.4479
E01004749,66.9255
E01004750,80.6097
E01004751,57.4968
E01004752,22.2623
E01004753,30.2124
E01004754,18.4226
E01004755,19.7925
E01004756,18.7855
E01004757,26.6501
E01004760,16.5669
E01004761,53.2204
E01004762,55.3645
E01004763,73.9184
E01004765,67.2584
E01032512,16.1217
E01032513,20.5269
E01032562,5.47998
E01032563,5.14985
E01032564,5.77311
E01032565,4.63559
E01032566,4.82311
E01032567,4.85676
E01032568,12.1081
E01032569,7.5301
E01032570,3.54951
E01032572,16.6446
E01032573,19.0241
E01032574,10.6691
E01032575,15.6637
E01032576,3.05816
E01032577,2.41789
E01032579,21.9167
E01032580,9.26587
E01032581,9.0732
E01032582,117.041
E01032583,100.926
E01032584,121.887
E01032623,2.86242
E01032637,25.3849
E01032638,9.37779
E01032639,57.9769
E01032640,25.0381
E01032646,51.0127
E01032719,65.755
E01032720,58.5998
E01032722,45.0002
E01032739,111.479
E01032740,61.6067
E01032741,28.624
E01032742,12.8605
E01032743,7.9912
E01032744,10.3781
E01032764,9.98092
E01032765,12.334
E01032766,33.5614
E01032767,45.6579
E01032768,19.2419
E01032769,24.0179
E01032770,5.65052
E01032771,21.9057
E01032772,9.06069
E01032773,7.99344
E01032774,7.48924
E01032775,6.6539
E01032776,13.6277
E01032777,13.9539
E01032778,10.3472
E01032779,15.4661
E01032780,16.778
E01032781,13.071
E01032782,18.9223
E01032783,8.4914
E01032784,16.36
E01032785,5.97423
E01032786,15.9278
E01032787,35.3698
E01032788,13.4737
E01032789,12.7026
E01032790,11.3018
E01032803,59.5684
E01032805,26.6419
E01032834,11.0725
E01033000,12.7114
E01033030,16.7838
E01033081,12.4459
E01033082,8.13863
E01033083,33.1948
E01033084,30.1333
E01033085,12.2711
E01033086,6.48765
E01033093,13.5187
E01033098,17.236
E01033099,23.3249
E01033100,25.5711
E01033101,13.059
E01033132,11.8255
E01033133,20.4464
E01033135,18.1249
E01033146,4.5284
E01033148,1.95646
E01033150,4.59153
E01033151,1.50806
E01033153,15.7816
E01033207,35.1591
E01033208,48.3708
E01033320,6.62003
E01033322,11.153
E01033324,20.2058
E01033325,22.7693
E01033327,39.0321
E01033341,32.8147
E01033424,16.1143
E01033455,23.8202
E01033456,8.333
E01033457,19.7264
E01033463,4.51798
E01033464,6.43984
E01033485,24.1974
E01033486,33.4022
E01033487,24.1604
E01033488,31.6148
E01033489,34.4169
E01033490,39.4401
E01033491,30.8599
E01033492,25.0055
E01033493,26.2162
E01033494,27.86
E01033568,19.0062
E01033569,24.6009
E01033570,2.85796
E01033571,5.87337
E01033572,4.68651
E01033573,10.4136
E01033574,6.69114
E01033575,7.7549
E01033576,9.97806
E01033577,6.56145
E01033578,13.6806
E01033579,9.45487
E01033580,6.6148
E01033581,6.92438
E01033582,5.32615
E01033583,40.5343
E01033584,8.05798
E01033585,17.5444
E01033586,15.0598
E01033587,8.08588
E01033588,5.00374
E01033589,20.3965
E01033590,3.93757
E01033591,10.7173
E01033592,3.82496
E01033593,49.3489
E01033594,55.6087
E01033595,76.7456
E01033596,78.3021
E01033597,14.4806
E01033598,21.5841
E01033599,29.1379
E01033600,23.8061
E01033601,28.8592
E01033602,27.2292
E01033603,55.1933
E01033604,52.9867
E01033605,33.7863
E01033606,21.5159
E01033607,18.959
E01033608,17.7461
E01033698,17.2561
E01033699,29.9191
E01033700,33.7401
E01033701,21.1794
E01033702,6.78693
E01033703,26.3334
E01033704,24.1503
E01033705,12.4569
E01033706,37.7289
E01033707,21.8604
E01033708,68.9076
E01033709,30.7382
E01033710,7.03304
E01033711,36.0012
E01033712,21.7788
E01033713,14.1707
E01033724,3.96785
E01033725,6.96301
E01033726,9.37133
E01033727,11.8607
E01033728,8.09003
E01033729,4.15731
E01033730,20.1428
E01033731,36.8987
E01033732,13.3178
E01033733,7.76764
E01033734,13.3084
E01033735,40.2662
E01033736,24.9444
E01033737,30.0834
E01033738,17.2565
E01033739,3.32811
E01033740,5.12954
E01033741,3.98214
E01033742,3.95321
E01033743,3.81744
E01033744,10.1709
E01033745,4.68378
E01033746,18.9882
