LSOA11CD,road_density,node_density
E01000001,95304,7182
E01000002,82022,5947
E01000003,91114,4657
E01000005,69722,4988
E01000006,49985,970
E01000007,64688,2618
E01000008,60062,3038
E01000009,60870,1889
E01000010,64101,3418
E01000011,70124,1339
E01000012,40998,2236
E01000013,45492,805
E01000014,25490,432
E01000015,32065,803
E01000016,33677,652
E01000017,37113,535
E01000018,44989,490
E01000019,51578,814
E01000020,48494,578
E01000021,48942,665
E01000022,39124,678
E01000023,53989,1363
E01000024,56372,453
E01000025,28245,418
E01000027,14129,552
E01000028,64319,707
E01000029,55798,861
E01000030,67596,1586
E01000031,15490,294
E01000032,29188,606
E01000033,41882,602
E01000034,28995,761
E01000035,26372,570
E01000036,26786,533
E01000037,40061,749
E01000038,30890,325
E01000039,23309,780
E01000040,47918,1653
E01000041,36328,488
E01000042,52799,1370
E01000043,34234,844
E01000044,37384,1037
E01000045,62324,2215
E01000046,36744,808
E01000048,47636,1764
E01000049,62444,1905
E01000050,47559,1664
E01000051,48627,1139
E01000052,55143,2238
E01000053,74729,2565
E01000054,41336,643
E01000055,58248,1113
E01000056,67505,1618
E01000057,51542,908
E01000058,26376,472
E01000059,37372,778
E01000060,33837,1177
E01000061,26648,1170
E01000062,45617,996
E01000063,50060,1457
E01000064,44939,1060
E01000065,43357,782
E01000066,29758,659
E01000067,45293,759
E01000068,38180,995
E01000069,34761,522
E01000070,38308,861
E01000071,36765,1223
E01000072,25415,620
E01000073,31644,632
E01000074,43238,771
E01000075,31414,697
E01000076,39786,500
E01000077,48381,1178
E01000078,41854,1333
E01000079,32527,881
E01000080,33312,446
E01000081,33569,542
E01000082,33239,838
E01000083,48894,920
E01000084,47998,846
E01000085,37924,761
E01000086,49463,424
E01000087,31863,847
E01000088,41453,936
E01000089,35873,609
E01000090,25069,964
E01000091,47306,1658
E01000092,25789,1149
E01000093,38220,1118
E01000094,36917,1489
E01000095,26901,1031
E01000096,35041,947
E01000097,50390,843
E01000098,53204,696
E01000099,35452,728
E01000100,30005,418
E01000101,42441,689
E01000102,39540,527
E01000103,22798,628
E01000104,50175,1258
E01000105,42091,939
E01000106,42933,1317
E01000107,23061,493
E01000108,28337,557
E01000109,27178,582
E01000110,19123,228
E01000111,38757,869
E01000112,38853,973
E01000113,26573,588
E01000114,45068,1490
E01000115,40756,1061
E01000116,60358,1316
E01000117,38355,1019
E01000118,47947,922
E01000119,43037,1068
E01000120,45399,313
E01000121,43833,987
E01000122,52513,832
E01000123,41764,1107
E01000124,51296,1753
E01000125,43383,1042
E01000126,54045,1659
E01000127,37074,616
E01000128,33910,724
E01000129,52213,923
E01000130,39709,1026
E01000131,28954,1103
E01000132,39367,398
E01000133,47508,947
E01000134,47020,586
E01000135,28906,620
E01000136,32971,1310
E01000137,55408,1068
E01000138,45948,1196
E01000139,35357,1041
E01000140,56741,1344
E01000141,36472,1068
E01000142,33191,1301
E01000143,22532,536
E01000144,67768,1420
E01000145,25866,381
E01000146,50155,1611
E01000147,36387,521
E01000148,41880,1201
E01000150,32209,828
E01000151,38675,1358
E01000152,59782,1295
E01000153,65143,1868
E01000154,54384,1718
E01000155,46218,1647
E01000156,42186,840
E01000157,34252,526
E01000158,35156,785
E01000159,38634,1041
E01000160,53835,2110
E01000161,43940,1596
E01000162,39505,2243
E01000163,66071,2625
E01000164,43229,1836
E01000165,60670,1577
E01000166,30824,1181
E01000167,25119,855
E01000168,28816,723
E01000169,29312,758
E01000170,36397,1251
E01000171,35450,1432
E01000172,40414,2057
E01000173,45899,1917
E01000174,46337,1460
E01000175,38074,1183
E01000176,38681,1288
E01000177,47988,1392
E01000178,25579,500
E01000179,54172,1864
E01000180,47077,1494
E01000181,40107,756
E01000182,33421,1208
E01000183,37749,1047
E01000184,33973,1243
E01000185,52474,1176
E01000186,47517,908
E01000187,38041,886
E01000188,15854,477
E01000189,49714,1290
E01000190,29185,486
E01000191,32344,570
E01000192,28538,799
E01000193,46203,1743
E01000194,40799,1199
E01000195,49645,1519
E01000196,42780,1246
E01000197,33362,699
E01000198,40823,762
E01000199,33667,881
E01000200,33198,733
E01000201,38188,989
E01000202,27722,442
E01000203,52158,1677
E01000204,23912,577
E01000205,34259,1010
E01000206,17838,631
E01000207,35078,597
E01000208,41630,1347
E01000209,32329,518
E01000210,35337,845
E01000211,44953,905
E01000212,37607,623
E01000213,15741,334
E01000214,34551,786
E01000215,31859,484
E01000216,37770,465
E01000217,39434,608
E01000218,46045,372
E01000219,30869,631
E01000220,29898,382
E01000221,49513,1662
E01000222,41473,620
E01000223,28059,729
E01000224,37942,522
E01000225,31234,446
E01000226,38299,844
E01000227,24400,489
E01000228,14044,423
E01000229,66375,934
E01000230,44171,646
E01000231,58180,1210
E01000232,41454,938
E01000233,32693,825
E01000234,41402,886
E01000235,41622,720
E01000236,39419,925
E01000237,34648,994
E01000238,52973,1318
E01000239,52435,2615
E01000240,45266,1346
E01000241,42784,844
E01000242,46347,1632
E01000243,52974,1573
E01000244,52805,1393
E01000245,44852,1348
E01000246,28336,1149
E01000247,35797,1306
E01000248,55380,2095
E01000249,21980,763
E01000250,34186,1708
E01000251,53370,2122
E01000252,42669,1637
E01000253,11427,562
E01000254,20576,1004
E01000255,26179,705
E01000256,28966,674
E01000257,25149,947
E01000258,27217,574
E01000259,19686,617
E01000260,37595,1177
E01000261,21830,721
E01000262,17093,674
E01000263,33529,679
E01000264,42472,1264
E01000265,47155,1119
E01000266,20609,466
E01000267,29945,1189
E01000268,52312,1697
E01000269,43371,1512
E01000270,35516,1036
E01000271,27380,638
E01000272,22794,1002
E01000273,33449,1138
E01000274,44571,1272
E01000275,40869,1031
E01000276,29501,818
E01000277,36280,846
E01000278,35852,988
E01000279,10750,399
E01000280,18082,612
E01000281,49680,1794
E01000282,35207,1435
E01000283,31496,364
E01000284,45096,1228
E01000286,28515,978
E01000287,35396,1256
E01000288,43510,1500
E01000289,39739,1133
E01000290,18535,651
E01000291,40047,1436
E01000292,38387,1413
E01000293,37264,1344
E01000294,27756,1231
E01000295,41348,775
E01000296,44271,1064
E01000297,42874,906
E01000298,38794,970
E01000299,60935,1686
E01000300,33773,488
E01000301,35254,529
E01000302,36534,1001
E01000303,33959,518
E01000304,30261,576
E01000305,35318,922
E01000306,77712,814
E01000307,73494,2745
E01000308,23820,669
E01000309,41104,1100
E01000310,62803,1904
E01000311,36759,976
E01000312,42805,1468
E01000313,58218,1164
E01000314,47595,1379
E01000315,44052,1738
E01000316,59144,1880
E01000317,39284,621
E01000318,26196,545
E01000319,40084,533
E01000320,33131,610
E01000321,54540,780
E01000322,42364,939
E01000323,44855,780
E01000324,36350,850
E01000325,25783,557
E01000326,34504,1008
E01000327,27516,538
E01000328,25921,764
E01000329,22867,507
E01000330,35022,1047
E01000331,36856,860
E01000332,44440,1143
E01000333,66335,4487
E01000334,44994,2067
E01000335,30138,961
E01000336,64641,1893
E01000337,39939,1581
E01000338,63556,2230
E01000339,89861,2553
E01000340,50171,1677
E01000341,52344,2043
E01000342,62440,1622
E01000343,68144,3378
E01000344,64122,1782
E01000345,85864,2870
E01000346,46480,1025
E01000347,68838,1465
E01000348,48248,1951
E01000349,37796,1636
E01000350,67801,2547
E01000351,37599,1443
E01000352,44501,1724
E01000353,26996,361
E01000354,29377,439
E01000355,38160,1128
E01000356,29144,486
E01000357,35326,367
E01000358,31779,510
E01000359,49619,416
E01000360,44590,2129
E01000361,39212,667
E01000362,46229,2161
E01000363,36300,796
E01000364,37190,1177
E01000365,35492,969
E01000366,29704,662
E01000367,50035,1425
E01000368,31864,827
E01000369,25590,531
E01000370,28532,542
E01000371,25080,316
E01000372,34417,802
E01000373,65673,3142
E01000374,27928,989
E01000375,26154,790
E01000376,27651,750
E01000377,35667,1441
E01000378,31569,1631
E01000379,24189,757
E01000380,39668,1262
E01000381,20207,541
E01000382,31561,1138
E01000383,18456,504
E01000384,71542,5552
E01000385,44864,1981
E01000386,56765,2487
E01000387,35100,933
E01000388,26220,863
E01000389,29171,939
E01000390,31508,933
E01000391,30585,756
E01000392,38203,1241
E01000393,37605,1076
E01000394,35039,678
E01000395,37567,1232
E01000396,51662,1192
E01000398,44418,678
E01000399,46549,1170
E01000400,42362,1082
E01000401,36319,903
E01000402,40551,899
E01000403,50860,2297
E01000404,56863,3006
E01000405,37071,1146
E01000406,45913,1912
E01000407,30682,802
E01000408,28942,817
E01000409,37220,420
E01000410,35337,524
E01000411,46640,828
E01000412,53343,768
E01000413,77287,2042
E01000414,48638,1688
E01000415,25373,264
E01000416,51093,1433
E01000417,34171,994
E01000418,46168,1992
E01000419,27538,455
E01000420,27494,574
E01000421,26415,253
E01000422,78659,1698
E01000423,61706,1739
E01000424,43131,2165
E01000425,30052,1056
E01000426,38050,1420
E01000427,38522,2194
E01000428,41272,1921
E01000429,47340,1860
E01000430,17601,560
E01000431,59637,2099
E01000432,29556,992
E01000433,29560,876
E01000434,10906,318
E01000435,52795,1761
E01000436,34202,400
E01000437,35772,945
E01000438,40858,505
E01000439,45026,680
E01000440,38639,524
E01000441,50103,1296
E01000442,40493,566
E01000443,44164,1283
E01000444,11980,348
E01000445,23458,784
E01000446,35966,790
E01000447,24916,974
E01000448,31685,1726
E01000449,35790,1697
E01000450,35784,511
E01000451,36113,543
E01000452,33503,198
E01000453,33222,382
E01000454,34858,408
E01000455,27522,366
E01000456,37833,515
E01000457,57367,2168
E01000458,37520,1802
E01000459,46196,2183
E01000460,30331,1335
E01000461,43640,1971
E01000462,41944,1518
E01000463,59735,2180
E01000464,50786,2043
E01000465,42867,1940
E01000466,22876,957
E01000467,47899,1962
E01000468,28989,1159
E01000469,55184,1173
E01000470,35687,992
E01000471,34396,703
E01000472,30685,1005
E01000473,52265,898
E01000474,31588,560
E01000475,34993,981
E01000476,53457,1193
E01000477,49288,1542
E01000478,45918,733
E01000479,29281,622
E01000480,33371,745
E01000481,51716,1031
E01000482,35189,1355
E01000483,28830,1085
E01000484,33482,659
E01000485,43401,863
E01000486,40661,923
E01000487,27773,459
E01000488,41026,837
E01000489,47279,1294
E01000490,39029,1063
E01000491,29850,939
E01000492,30396,830
E01000493,34514,1562
E01000494,29565,852
E01000495,34355,1221
E01000497,42808,859
E01000498,42046,821
E01000499,48221,1187
E01000501,41798,714
E01000502,32342,867
E01000503,29697,664
E01000504,26869,1170
E01000505,39406,862
E01000506,42983,1653
E01000507,43443,995
E01000508,45580,1862
E01000509,30994,722
E01000510,34465,999
E01000511,46538,774
E01000512,40612,991
E01000513,50758,985
E01000514,44271,430
E01000515,38198,852
E01000516,43398,1243
E01000517,36778,503
E01000518,36995,908
E01000519,41178,948
E01000520,30463,837
E01000521,51756,2042
E01000522,57633,2070
E01000523,40102,1912
E01000524,66624,2480
E01000525,51900,2051
E01000526,75361,2420
E01000527,76140,3263
E01000528,83489,2890
E01000530,35224,800
E01000531,58825,2124
E01000532,70968,2270
E01000533,51857,1996
E01000534,55616,970
E01000535,63283,2826
E01000536,26959,702
E01000538,20431,544
E01000539,37253,641
E01000540,18241,264
E01000541,32095,846
E01000543,34803,920
E01000544,67754,1885
E01000545,47978,1111
E01000546,40261,681
E01000547,54919,1045
E01000548,74776,2619
E01000549,47170,545
E01000550,70067,4286
E01000551,62608,2634
E01000552,67581,2663
E01000553,46450,689
E01000554,40236,658
E01000555,31066,448
E01000556,37503,1028
E01000557,41836,498
E01000558,41048,917
E01000559,54595,1039
E01000560,16331,342
E01000561,52002,1611
E01000562,38054,962
E01000563,27331,388
E01000564,40779,708
E01000565,36379,655
E01000566,44104,659
E01000567,21980,768
E01000568,18490,608
E01000569,28397,590
E01000570,31782,606
E01000571,29643,712
E01000572,20355,420
E01000573,33379,819
E01000574,30693,948
E01000575,28454,507
E01000576,25557,554
E01000577,30255,861
E01000578,28045,963
E01000579,42223,1249
E01000580,37534,1102
E01000581,37636,706
E01000582,43116,841
E01000583,60663,2430
E01000584,50429,1827
E01000585,35608,1530
E01000586,72286,2158
E01000587,41298,726
E01000588,34878,1173
E01000589,33503,657
E01000590,34822,771
E01000591,31940,965
E01000592,27583,520
E01000593,31711,520
E01000594,34619,843
E01000595,52170,1568
E01000596,51211,1679
E01000599,56234,2691
E01000600,29682,1468
E01000601,39504,1818
E01000602,65757,2230
E01000603,32475,1344
E01000604,50037,1251
E01000605,47360,1421
E01000606,23901,509
E01000607,24230,345
E01000608,26630,886
E01000609,29540,787
E01000610,33460,707
E01000611,41977,1935
E01000612,28414,887
E01000613,33382,627
E01000615,30200,979
E01000616,55919,1718
E01000617,29218,647
E01000618,40344,628
E01000619,43089,666
E01000620,25215,783
E01000621,53899,2166
E01000622,31560,809
E01000623,55921,1472
E01000624,30212,523
E01000625,26019,1162
E01000626,42573,1237
E01000627,70631,1991
E01000628,25968,922
E01000629,50002,536
E01000630,27182,714
E01000631,26813,438
E01000632,31014,915
E01000633,48651,756
E01000634,44157,572
E01000635,36553,1108
E01000636,35885,967
E01000637,71023,1885
E01000638,43369,1484
E01000639,66172,1858
E01000640,52181,1898
E01000641,57151,1144
E01000642,54764,2544
E01000643,42134,1592
E01000644,71879,2232
E01000645,21426,562
E01000646,40796,1363
E01000647,35455,848
E01000648,30023,890
E01000649,20010,922
E01000650,20173,748
E01000651,34045,1099
E01000652,26297,982
E01000653,21835,739
E01000654,11269,249
E01000655,17981,260
E01000656,8278,160
E01000657,33080,790
E01000658,9405,183
E01000659,17460,245
E01000661,24020,953
E01000662,19486,486
E01000663,35950,389
E01000664,18965,279
E01000665,19923,741
E01000666,14715,430
E01000667,14879,450
E01000668,28445,877
E01000669,40055,957
E01000670,27929,1022
E01000671,33532,1287
E01000672,30787,696
E01000673,16743,388
E01000674,33193,780
E01000675,40387,1975
E01000676,58306,2642
E01000677,30591,1260
E01000678,31793,902
E01000679,36477,1365
E01000680,10726,330
E01000681,24442,623
E01000682,39017,846
E01000683,36349,1328
E01000684,25225,496
E01000685,17472,292
E01000686,27855,782
E01000687,22780,494
E01000688,18395,241
E01000689,20807,868
E01000690,30447,776
E01000691,36466,669
E01000692,33465,638
E01000693,20487,720
E01000694,20298,719
E01000695,21793,664
E01000696,17868,696
E01000697,21747,881
E01000698,23131,659
E01000699,32411,351
E01000700,33141,673
E01000701,35709,340
E01000702,34685,747
E01000703,41844,969
E01000704,35263,1541
E01000705,21347,213
E01000706,29772,835
E01000707,39524,714
E01000708,48592,1254
E01000709,34190,1567
E01000710,27729,1115
E01000711,41913,1176
E01000712,26681,835
E01000713,24672,782
E01000714,46132,1436
E01000715,33513,1074
E01000716,23442,709
E01000717,33152,1157
E01000718,24565,657
E01000719,40780,1011
E01000720,9186,262
E01000721,34435,786
E01000722,41928,1036
E01000723,20836,352
E01000724,30235,1144
E01000725,42474,796
E01000726,29774,892
E01000727,39752,987
E01000728,11030,334
E01000729,42756,592
E01000730,41623,1003
E01000731,51829,539
E01000732,29421,358
E01000733,30986,344
E01000734,23584,365
E01000735,31467,785
E01000736,29162,717
E01000737,38418,823
E01000738,24028,732
E01000739,35859,638
E01000740,43482,2929
E01000741,38489,1268
E01000742,36822,1189
E01000743,38380,1006
E01000744,43310,1198
E01000745,42319,1380
E01000746,43484,1857
E01000747,10096,249
E01000748,7453,200
E01000749,8748,215
E01000750,41910,911
E01000751,17951,393
E01000752,27275,618
E01000753,25999,527
E01000754,36520,1247
E01000755,30255,718
E01000756,22384,635
E01000757,23262,422
E01000758,25019,486
E01000759,10899,252
E01000760,24507,805
E01000761,28702,588
E01000762,30010,752
E01000763,20936,479
E01000764,22920,472
E01000765,17196,478
E01000766,26636,440
E01000767,34297,908
E01000768,27591,745
E01000769,16897,812
E01000770,26102,1520
E01000771,33834,800
E01000772,33076,633
E01000773,34528,658
E01000774,32202,719
E01000775,22334,1944
E01000777,36471,760
E01000778,37729,993
E01000779,23969,1377
E01000780,50329,1965
E01000781,79599,2472
E01000782,42495,687
E01000783,61807,2871
E01000784,35537,600
E01000785,55147,988
E01000786,19668,328
E01000787,28335,738
E01000788,39592,552
E01000789,50095,885
E01000790,40327,897
E01000791,34765,522
E01000792,26153,511
E01000793,28086,507
E01000794,22404,381
E01000795,33015,475
E01000796,52045,1240
E01000797,33585,1093
E01000798,44335,1021
E01000799,28508,603
E01000800,39444,1205
E01000801,30550,772
E01000802,42491,989
E01000803,26254,512
E01000804,20649,819
E01000805,30732,655
E01000806,53663,1640
E01000807,18169,351
E01000808,40905,758
E01000809,28037,361
E01000810,18254,256
E01000811,27774,294
E01000812,34813,809
E01000813,33189,506
E01000814,20596,485
E01000816,24809,762
E01000818,18287,803
E01000819,39730,1769
E01000820,19510,912
E01000822,31354,997
E01000823,33590,1009
E01000824,37860,817
E01000825,41260,865
E01000826,28153,335
E01000827,27789,691
E01000828,23898,653
E01000829,30693,744
E01000830,18643,205
E01000831,25404,649
E01000832,27258,1584
E01000833,25757,692
E01000834,43409,719
E01000835,49590,4289
E01000836,44807,890
E01000837,36192,3112
E01000838,26365,837
E01000839,47158,3419
E01000840,29562,1455
E01000841,49193,3707
E01000842,34966,511
E01000843,69214,3204
E01000844,48505,1176
E01000845,59227,1646
E01000846,75605,2363
E01000847,60109,2124
E01000848,40378,922
E01000849,56520,2910
E01000850,101664,4883
E01000851,106335,5065
E01000852,125206,5362
E01000853,86007,4087
E01000854,104782,5944
E01000855,93861,5703
E01000856,85095,5226
E01000857,45225,2222
E01000858,64930,4800
E01000859,38805,1343
E01000860,51440,1836
E01000861,72970,3703
E01000862,37917,2327
E01000863,42494,2950
E01000864,64055,2744
E01000865,49060,2931
E01000866,50626,2497
E01000867,84842,5655
E01000868,42889,2262
E01000869,56436,3179
E01000870,45687,1925
E01000871,47944,1150
E01000872,32871,646
E01000873,37576,459
E01000874,61545,1419
E01000875,48166,986
E01000876,47848,1013
E01000877,51275,1174
E01000878,25524,491
E01000879,36516,1134
E01000880,26535,848
E01000881,38983,605
E01000882,47907,1380
E01000883,41945,1801
E01000884,22041,390
E01000885,39550,2054
E01000886,51304,2003
E01000887,67932,2545
E01000888,57209,1122
E01000889,61471,3021
E01000890,62825,3277
E01000891,60657,2277
E01000892,50267,2886
E01000893,37875,1151
E01000894,45627,1307
E01000895,45953,1666
E01000896,44704,1892
E01000897,34557,1221
E01000898,40921,1552
E01000899,45583,2216
E01000900,53018,1636
E01000901,58306,3456
E01000902,44894,1798
E01000903,42762,1692
E01000904,68263,4451
E01000905,59248,2732
E01000906,56145,3591
E01000907,74742,1714
E01000908,68358,2230
E01000909,46586,1374
E01000910,36614,1040
E01000911,44978,1385
E01000912,35231,1263
E01000913,30144,1594
E01000914,71442,4169
E01000915,74963,2417
E01000916,51675,4162
E01000917,87210,4276
E01000918,116626,6198
E01000919,118685,9032
E01000920,58020,2792
E01000921,50396,1492
E01000922,46833,2438
E01000923,41517,1275
E01000924,64511,2698
E01000925,56411,3363
E01000926,55554,2135
E01000927,74513,3775
E01000928,48162,2322
E01000929,65190,1811
E01000930,49023,2444
E01000931,44043,1670
E01000932,57289,1302
E01000933,51862,2335
E01000934,42905,1502
E01000935,91938,3319
E01000936,47307,2993
E01000937,52616,3339
E01000938,54851,2382
E01000939,67191,3452
E01000940,64767,3519
E01000941,86782,4991
E01000942,125589,6735
E01000943,117032,5944
E01000944,95571,3958
E01000945,74927,4216
E01000946,62896,2697
E01000947,70534,4923
E01000948,46603,2027
E01000949,50800,1795
E01000950,40292,2486
E01000951,58214,2193
E01000952,47308,1805
E01000953,69669,5107
E01000954,61865,2670
E01000955,52191,2353
E01000956,83270,4751
E01000957,49773,2906
E01000958,56365,3505
E01000959,84187,4891
E01000960,72461,3613
E01000961,68796,4579
E01000962,57710,1651
E01000963,53874,2031
E01000964,28422,900
E01000965,46434,1060
E01000966,29484,588
E01000967,31249,1155
E01000968,39156,1377
E01000969,29620,1120
E01000970,68940,1812
E01000971,37250,672
E01000972,62047,2911
E01000973,45297,1744
E01000974,32373,814
E01000975,37359,1434
E01000976,39953,940
E01000977,36936,546
E01000978,27964,944
E01000979,54971,1333
E01000980,48165,265
E01000981,40024,800
E01000982,41373,726
E01000983,38430,717
E01000984,40174,1054
E01000985,29462,861
E01000986,26347,398
E01000987,31146,307
E01000989,36112,1552
E01000990,48365,1204
E01000991,31535,1419
E01000992,25665,674
E01000993,36026,441
E01000994,34709,843
E01000995,47658,958
E01000996,51811,1114
E01000997,67935,1750
E01000998,52228,1373
E01000999,37600,558
E01001000,33883,1046
E01001001,44895,1202
E01001002,37364,866
E01001003,35336,678
E01001004,47181,2467
E01001005,64250,1564
E01001006,56773,2012
E01001007,47515,978
E01001008,42042,884
E01001009,43378,602
E01001010,42199,1637
E01001011,44569,1384
E01001012,27979,1234
E01001013,58294,2576
E01001014,42847,2066
E01001015,30945,549
E01001016,18151,506
E01001017,31247,734
E01001018,21549,461
E01001019,26843,467
E01001020,31829,721
E01001021,22194,674
E01001022,21517,581
E01001023,43155,1571
E01001024,37262,960
E01001025,29381,369
E01001026,31478,467
E01001027,20199,718
E01001028,16040,185
E01001029,25114,725
E01001030,16804,303
E01001031,21690,467
E01001032,23019,570
E01001033,34537,775
E01001034,25126,433
E01001035,26132,933
E01001036,18573,493
E01001037,40168,1259
E01001038,37137,1050
E01001039,34945,741
E01001040,34793,661
E01001041,32578,520
E01001042,55801,3219
E01001043,69412,3472
E01001044,32548,1235
E01001045,43302,2198
E01001046,38628,995
E01001047,67696,2289
E01001048,37680,1865
E01001049,21647,777
E01001050,56287,2100
E01001051,85000,5786
E01001052,65506,3607
E01001053,71371,5726
E01001054,80115,5877
E01001055,66147,5261
E01001056,83979,6684
E01001057,94124,6824
E01001058,50035,1361
E01001059,46898,1632
E01001060,17561,1083
E01001061,42123,1373
E01001062,14656,568
E01001063,34223,816
E01001064,17814,814
E01001065,23671,960
E01001066,65188,1580
E01001067,24802,610
E01001068,25491,600
E01001069,28016,569
E01001070,25234,541
E01001071,20277,643
E01001072,16787,489
E01001073,25793,520
E01001074,26904,924
E01001075,40631,669
E01001076,83104,7036
E01001077,79430,8402
E01001078,75281,6672
E01001079,59348,5214
E01001080,107545,8301
E01001081,51358,3618
E01001082,41583,2946
E01001083,29472,419
E01001084,27035,1054
E01001085,48019,1174
E01001086,53184,1137
E01001087,28161,731
E01001088,49337,1000
E01001089,59413,951
E01001090,40980,878
E01001091,32884,1220
E01001092,32619,936
E01001093,37669,1001
E01001094,14946,286
E01001095,41960,648
E01001096,28327,455
E01001097,38615,1164
E01001098,25250,293
E01001099,62915,864
E01001100,32107,629
E01001101,19991,343
E01001102,20845,639
E01001103,21665,394
E01001104,13606,318
E01001105,17725,309
E01001106,22583,487
E01001107,23083,548
E01001108,27586,519
E01001109,22647,654
E01001110,42555,1586
E01001111,37864,588
E01001112,25424,707
E01001113,43398,980
E01001114,46835,1096
E01001115,45340,1533
E01001116,34492,1074
E01001117,34356,1203
E01001118,39140,1166
E01001119,25371,555
E01001120,32580,597
E01001121,10017,281
E01001122,14567,430
E01001123,31305,750
E01001124,19098,393
E01001125,29347,490
E01001126,34985,749
E01001127,34622,2199
E01001128,43213,2657
E01001129,39985,2892
E01001130,54625,2178
E01001131,35425,2721
E01001132,19824,580
E01001133,22678,1164
E01001134,34041,2674
E01001135,43411,3266
E01001136,30670,1085
E01001137,37337,1917
E01001138,32236,1047
E01001139,39188,623
E01001140,18349,692
E01001141,24271,756
E01001142,27627,755
E01001143,32255,1170
E01001144,26672,323
E01001145,35929,1575
E01001146,47621,1080
E01001147,39109,1282
E01001148,34571,746
E01001149,56482,1575
E01001150,44439,1153
E01001151,38126,917
E01001152,42359,1193
E01001153,61783,1553
E01001154,54495,1324
E01001155,42659,1689
E01001156,41882,1534
E01001157,41992,999
E01001158,40335,1901
E01001159,31052,1029
E01001160,25734,568
E01001161,28582,464
E01001162,36329,1317
E01001163,25673,857
E01001164,49643,2244
E01001165,35713,967
E01001166,77338,3884
E01001167,34239,1718
E01001168,42906,1471
E01001169,38208,1236
E01001170,40773,2007
E01001171,29089,994
E01001172,29582,1205
E01001173,19522,723
E01001174,40865,1017
E01001175,47893,1035
E01001176,52021,1466
E01001177,35969,623
E01001178,61111,2279
E01001179,44678,1200
E01001180,54783,1446
E01001181,46269,1696
E01001182,70661,1587
E01001183,56732,1294
E01001184,32404,838
E01001185,46146,1501
E01001186,45065,1145
E01001187,39563,797
E01001188,49891,959
E01001189,52353,1360
E01001190,36563,1344
E01001191,39330,857
E01001192,49915,1709
E01001193,43633,1438
E01001194,35433,1505
E01001195,37909,758
E01001196,81476,2145
E01001197,39356,841
E01001198,98623,1706
E01001199,115472,1977
E01001200,95010,1530
E01001201,90204,1268
E01001202,97338,3313
E01001203,91318,2704
E01001204,35333,664
E01001205,55113,1329
E01001206,47379,1266
E01001207,42238,1301
E01001208,27226,661
E01001209,31058,490
E01001210,35674,1374
E01001211,34851,768
E01001212,34182,902
E01001213,30113,407
E01001214,30990,765
E01001215,40847,1080
E01001216,51848,1499
E01001217,40382,1339
E01001218,35536,954
E01001219,41183,1021
E01001220,23709,1025
E01001221,39819,1982
E01001222,32072,1358
E01001223,23190,725
E01001224,26596,446
E01001225,32234,1272
E01001226,27507,689
E01001227,35749,831
E01001228,30369,840
E01001229,40939,616
E01001230,25842,591
E01001231,30083,1088
E01001232,39651,1093
E01001233,54256,1313
E01001234,38360,1127
E01001235,41563,1493
E01001236,41817,854
E01001237,33792,927
E01001238,54058,2948
E01001239,35687,1296
E01001240,77095,2712
E01001241,48301,1574
E01001242,50374,1137
E01001243,51109,1552
E01001244,50871,1624
E01001245,47877,896
E01001246,30296,1129
E01001247,40799,1508
E01001248,53966,1496
E01001249,57829,2589
E01001250,83357,1958
E01001251,90818,2523
E01001252,91695,2595
E01001253,114806,2107
E01001254,87949,2792
E01001255,109154,1977
E01001257,46148,1210
E01001258,38855,553
E01001259,34803,750
E01001260,36793,982
E01001261,29846,1139
E01001262,41203,1272
E01001263,52167,2146
E01001264,34821,666
E01001265,29759,694
E01001266,33743,820
E01001267,47915,1400
E01001268,43114,911
E01001269,34570,1024
E01001270,37635,862
E01001271,43652,1186
E01001272,37090,1201
E01001273,27383,584
E01001274,39642,867
E01001275,26105,827
E01001276,30043,976
E01001277,51650,1819
E01001278,42137,1471
E01001279,25311,513
E01001281,33953,868
E01001282,39120,819
E01001283,56079,1128
E01001284,27250,525
E01001285,37030,527
E01001286,42321,1006
E01001287,28433,666
E01001288,36114,533
E01001289,41885,596
E01001290,34058,1371
E01001291,43801,628
E01001292,31425,554
E01001293,43324,568
E01001294,32175,498
E01001295,36486,673
E01001296,33725,790
E01001297,33686,1033
E01001298,36149,694
E01001299,68077,1299
E01001300,53934,936
E01001301,52829,2297
E01001302,33613,1102
E01001303,36326,918
E01001304,34599,749
E01001305,132109,2297
E01001306,96517,2011
E01001307,30076,888
E01001308,24535,838
E01001309,33848,762
E01001310,30662,958
E01001311,47732,1747
E01001312,41495,1098
E01001313,44842,963
E01001314,39793,965
E01001315,42933,1268
E01001316,53452,2066
E01001317,28144,762
E01001318,41082,811
E01001319,47940,992
E01001320,30702,590
E01001321,33800,1203
E01001322,37935,956
E01001323,43652,1824
E01001324,45045,1322
E01001325,11864,217
E01001326,26523,788
E01001327,48957,2037
E01001328,42738,1582
E01001329,30535,917
E01001330,46156,1571
E01001331,55269,1198
E01001332,61627,2226
E01001333,37907,1200
E01001334,25939,489
E01001335,19586,395
E01001336,27265,910
E01001337,28737,899
E01001338,29499,968
E01001339,27154,889
E01001340,52834,2048
E01001341,45029,721
E01001342,56567,1205
E01001343,34775,652
E01001344,45033,982
E01001345,30409,644
E01001346,53882,772
E01001347,24289,771
E01001348,44476,1578
E01001349,29304,1142
E01001350,30905,418
E01001351,94600,5031
E01001352,34766,810
E01001354,31567,1256
E01001355,54231,1615
E01001356,66882,2693
E01001357,62457,1668
E01001358,43321,1658
E01001359,46319,503
E01001360,29661,1028
E01001361,31553,1185
E01001362,29666,1175
E01001363,50795,661
E01001364,45335,974
E01001365,28959,873
E01001366,33236,585
E01001367,46387,1570
E01001368,47741,1040
E01001369,35312,816
E01001370,30521,708
E01001371,44985,1038
E01001372,45212,1098
E01001373,35918,676
E01001374,60044,1375
E01001375,61146,1114
E01001376,54668,1662
E01001377,48536,787
E01001379,44470,710
E01001380,34675,1094
E01001381,41751,1685
E01001382,37059,795
E01001383,99332,1843
E01001384,102472,1512
E01001385,61893,969
E01001386,41709,1334
E01001387,46493,1896
E01001388,41025,1588
E01001389,96575,2085
E01001390,38872,637
E01001391,44794,453
E01001392,43439,1127
E01001393,44920,799
E01001394,37119,940
E01001395,43413,1389
E01001396,41867,332
E01001397,47306,1299
E01001398,31202,284
E01001399,59665,1254
E01001400,40998,402
E01001401,43751,827
E01001402,30617,748
E01001403,48086,1464
E01001404,35320,743
E01001405,27471,515
E01001406,45138,853
E01001407,29960,1091
E01001408,47182,865
E01001409,71864,2581
E01001410,57256,797
E01001411,46286,1117
E01001412,9911,402
E01001413,35138,935
E01001414,36766,2114
E01001415,37620,1284
E01001416,40615,1780
E01001417,14511,660
E01001418,34807,1314
E01001419,35129,1257
E01001420,28297,692
E01001421,36520,927
E01001422,13361,625
E01001423,38121,1267
E01001424,73845,3203
E01001425,50220,3016
E01001426,28140,802
E01001427,37426,1452
E01001428,42676,1088
E01001429,49498,1687
E01001430,35973,897
E01001431,56854,1739
E01001432,63315,1755
E01001433,41813,1195
E01001434,51059,465
E01001435,32782,531
E01001436,37904,666
E01001437,19493,674
E01001438,46364,1478
E01001439,40992,716
E01001440,43084,2507
E01001441,25803,689
E01001442,40308,712
E01001444,28733,674
E01001445,29421,1575
E01001446,32138,547
E01001447,37384,1036
E01001448,36867,559
E01001449,32958,551
E01001450,32846,1371
E01001451,28916,1330
E01001452,25686,888
E01001453,22367,565
E01001454,27618,416
E01001455,50802,2156
E01001456,35664,1013
E01001457,31740,1622
E01001458,89734,3491
E01001459,29031,590
E01001460,56302,1965
E01001461,24470,746
E01001462,40576,821
E01001463,17009,148
E01001464,41200,926
E01001465,43449,1131
E01001466,43608,1405
E01001467,32969,338
E01001468,25774,1472
E01001469,32816,1009
E01001470,13000,424
E01001471,32286,1647
E01001472,31506,897
E01001473,22072,883
E01001474,32745,1211
E01001475,26724,1166
E01001476,52645,1253
E01001477,17367,383
E01001478,32006,774
E01001479,38272,995
E01001480,39869,758
E01001481,57442,857
E01001482,38431,722
E01001483,15457,320
E01001484,33059,469
E01001485,52113,1395
E01001486,67133,1748
E01001487,39920,561
E01001488,43421,758
E01001489,39346,789
E01001491,50413,1234
E01001492,37466,1217
E01001493,32587,719
E01001494,56800,853
E01001495,41226,863
E01001496,40766,723
E01001497,59547,1499
E01001498,40255,1181
E01001499,88597,3817
E01001500,55029,1468
E01001501,45701,2344
E01001502,31516,597
E01001503,30808,454
E01001504,31944,603
E01001505,35044,1313
E01001506,17065,493
E01001507,44659,2177
E01001508,46395,2297
E01001509,48857,1501
E01001510,58021,1782
E01001511,33343,965
E01001512,29671,909
E01001513,33240,1506
E01001514,38885,564
E01001515,56162,2019
E01001516,28064,882
E01001517,44760,1348
E01001518,30185,1122
E01001519,53649,2351
E01001520,30724,920
E01001521,32242,1132
E01001522,45106,4314
E01001523,37766,1987
E01001524,43703,717
E01001525,33826,780
E01001526,42808,735
E01001527,44058,1454
E01001528,73574,2645
E01001529,39138,1102
E01001530,47202,1439
E01001531,37837,583
E01001532,29766,725
E01001533,25234,469
E01001534,36644,1100
E01001535,36395,1014
E01001536,40990,2015
E01001537,38885,1112
E01001538,37805,1621
E01001539,38966,883
E01001540,26681,754
E01001541,37299,1110
E01001542,40832,1020
E01001543,32065,641
E01001544,29919,1175
E01001545,29890,705
E01001546,28324,688
E01001547,42207,1544
E01001548,42128,1120
E01001549,33712,1198
E01001550,35996,788
E01001551,37650,1086
E01001552,38489,1437
E01001553,62595,1098
E01001554,46911,1515
E01001555,44621,682
E01001556,71872,1503
E01001557,36333,522
E01001558,49046,1583
E01001559,34534,1562
E01001560,39722,1193
E01001562,53395,2874
E01001563,34468,1132
E01001564,44172,1797
E01001565,36018,803
E01001566,22428,526
E01001567,20127,505
E01001568,17640,711
E01001569,39261,1358
E01001570,29482,1145
E01001571,58632,1014
E01001572,51739,1477
E01001573,49394,1142
E01001574,40959,1296
E01001575,65319,2941
E01001576,72798,2648
E01001577,75017,3306
E01001578,78034,3588
E01001579,44667,1364
E01001580,73043,2402
E01001581,80556,2271
E01001582,64593,2033
E01001583,61612,1939
E01001584,45083,1284
E01001585,105924,3536
E01001586,80629,3690
E01001587,70406,3034
E01001588,50793,1674
E01001589,60263,2165
E01001590,78060,1800
E01001591,67076,2462
E01001592,95447,3012
E01001593,68527,1621
E01001594,96436,3111
E01001595,50658,1509
E01001596,32605,859
E01001597,28423,800
E01001598,31030,1013
E01001599,38059,1127
E01001600,41243,1415
E01001601,46773,1171
E01001602,69246,2705
E01001603,42528,971
E01001604,83784,1574
E01001605,39680,1176
E01001606,44059,923
E01001607,66936,1321
E01001608,35919,744
E01001609,45953,1961
E01001610,39091,900
E01001611,50071,1041
E01001613,22289,896
E01001614,37488,1857
E01001615,18562,934
E01001617,22022,1031
E01001618,52708,2102
E01001619,37743,1447
E01001620,47662,1293
E01001621,63730,3328
E01001623,44942,1369
E01001624,50552,1910
E01001625,58718,1628
E01001629,59204,1858
E01001631,68313,2465
E01001632,36974,403
E01001633,60747,2263
E01001634,56731,1323
E01001635,71714,1971
E01001636,32359,833
E01001637,46500,1178
E01001638,68273,2743
E01001640,70410,5050
E01001641,84134,4080
E01001642,48025,2506
E01001644,83855,3375
E01001645,48354,1482
E01001646,76905,2351
E01001647,54752,1475
E01001648,50022,1425
E01001649,35469,795
E01001650,78787,2997
E01001651,61443,1916
E01001652,65372,2059
E01001653,64938,3995
E01001654,75487,5230
E01001655,46729,1717
E01001656,40178,1610
E01001657,25341,985
E01001658,43490,1572
E01001659,47149,2684
E01001660,41173,1849
E01001661,37378,1850
E01001662,94317,3732
E01001664,87788,4394
E01001665,105152,4800
E01001666,63102,3216
E01001667,64657,3485
E01001668,95146,4724
E01001669,44266,1163
E01001671,57203,1247
E01001672,38450,905
E01001673,64341,1136
E01001674,45035,636
E01001675,54314,1202
E01001676,38901,678
E01001677,37139,830
E01001678,32170,655
E01001679,34240,1387
E01001680,23361,856
E01001681,47076,700
E01001682,35009,1434
E01001683,40730,702
E01001684,27246,872
E01001685,42503,688
E01001686,46537,1054
E01001687,45163,1285
E01001688,51457,2212
E01001690,52122,1354
E01001692,69357,1568
E01001693,113214,2920
E01001694,49202,1701
E01001695,65850,2428
E01001696,50786,2357
E01001697,51039,1324
E01001698,45910,962
E01001699,37381,1778
E01001700,54143,969
E01001701,38227,1375
E01001702,51950,1133
E01001703,48670,991
E01001704,36272,713
E01001705,54454,2049
E01001706,63020,2636
E01001708,47263,1262
E01001709,42900,2557
E01001710,94909,4029
E01001711,63789,4073
E01001712,70935,4178
E01001713,57894,2362
E01001714,39121,1508
E01001715,37233,1157
E01001716,40853,1221
E01001717,48873,2280
E01001718,23910,871
E01001719,61521,2012
E01001720,59510,1528
E01001722,45071,1355
E01001723,37406,1120
E01001724,41452,1788
E01001725,44346,909
E01001726,62237,1322
E01001727,46345,1250
E01001728,52301,1443
E01001729,55321,2812
E01001730,64696,3237
E01001731,45673,2430
E01001732,57163,3682
E01001733,32450,1469
E01001734,59748,3471
E01001735,55167,3065
E01001736,73670,3098
E01001737,53778,1052
E01001738,36808,636
E01001739,51117,1665
E01001740,62389,2519
E01001741,52934,1103
E01001742,34814,958
E01001744,47489,1085
E01001745,54850,1997
E01001746,77374,1176
E01001747,53590,2751
E01001748,47999,2495
E01001749,43552,1933
E01001750,57750,2740
E01001751,41317,1479
E01001752,77440,2962
E01001753,83967,2742
E01001754,54766,1784
E01001755,58773,2282
E01001756,50195,1923
E01001757,52105,1986
E01001758,78164,4089
E01001759,46125,1633
E01001760,70870,5709
E01001761,42581,2417
E01001762,44912,2277
E01001763,43154,1874
E01001764,49129,1947
E01001765,47913,1736
E01001767,52633,1477
E01001768,28157,867
E01001769,30678,930
E01001770,78138,6139
E01001772,78392,2944
E01001773,63956,2433
E01001774,69333,3247
E01001775,55587,2629
E01001776,45939,1701
E01001777,55931,2502
E01001779,51669,1835
E01001780,62891,3815
E01001781,47915,2114
E01001782,59014,2115
E01001783,82481,3336
E01001784,57288,1833
E01001785,56253,2023
E01001786,30407,1191
E01001787,51987,2735
E01001788,52472,1997
E01001789,51202,1351
E01001790,81831,2342
E01001791,42433,1370
E01001792,42191,1713
E01001793,47406,1795
E01001794,36848,954
E01001795,54591,2750
E01001796,46976,1036
E01001798,59544,1637
E01001799,50273,1166
E01001800,57617,1748
E01001801,48902,1166
E01001802,46254,1081
E01001803,39393,1161
E01001804,26610,749
E01001805,49693,1791
E01001806,50320,2656
E01001807,42858,1169
E01001808,46433,1959
E01001809,38865,1075
E01001811,57302,1332
E01001812,23980,557
E01001813,49084,2017
E01001814,37240,1039
E01001815,51986,1987
E01001816,57416,1780
E01001819,37668,1149
E01001820,67134,3148
E01001821,95607,5480
E01001822,42536,1105
E01001823,32467,881
E01001824,52429,1946
E01001825,42893,732
E01001826,71592,1994
E01001827,39964,1512
E01001828,66297,1910
E01001829,40258,1437
E01001830,52127,1073
E01001831,55794,2295
E01001832,47647,1793
E01001833,40312,1665
E01001834,48976,1623
E01001835,45393,1015
E01001836,71176,2502
E01001837,84900,3858
E01001838,65338,4421
E01001839,56436,2075
E01001840,52797,2489
E01001841,61768,1528
E01001842,71506,3237
E01001843,47987,1654
E01001844,50241,2057
E01001845,55203,1639
E01001846,58004,2716
E01001847,43659,1229
E01001848,78112,2435
E01001849,69185,3962
E01001850,77613,2476
E01001851,50250,2321
E01001852,69319,1238
E01001853,50896,1694
E01001854,51458,2130
E01001855,43586,1567
E01001856,61741,2506
E01001857,49447,2718
E01001858,66682,3436
E01001859,42482,1718
E01001860,52790,1581
E01001861,75953,2359
E01001862,39646,1572
E01001863,42872,1050
E01001864,50219,1523
E01001865,52010,1615
E01001866,59569,2788
E01001867,74488,2345
E01001868,103489,3464
E01001869,48528,2462
E01001870,84128,2768
E01001871,67141,3266
E01001872,79970,2763
E01001873,46392,1503
E01001874,47548,2147
E01001875,82629,2782
E01001876,36530,1153
E01001877,27553,1156
E01001878,72912,3253
E01001879,55418,1029
E01001880,67094,3706
E01001881,69446,2409
E01001882,64029,1690
E01001883,59508,1863
E01001884,56191,1814
E01001885,81075,2683
E01001886,54583,1250
E01001887,44254,1597
E01001888,29346,678
E01001889,48123,1515
E01001890,50497,1304
E01001891,43293,1140
E01001892,53953,1009
E01001893,62258,2989
E01001894,82144,3253
E01001895,57004,1366
E01001896,48460,1610
E01001897,41641,1110
E01001898,60811,4180
E01001899,81107,3818
E01001900,45400,1470
E01001901,61976,997
E01001902,56425,797
E01001903,58904,894
E01001904,46131,752
E01001905,52525,1404
E01001906,44516,1307
E01001907,50967,1646
E01001908,75861,2688
E01001909,71506,1838
E01001910,48273,615
E01001911,39738,1288
E01001912,54283,2664
E01001913,77001,3179
E01001914,59374,1909
E01001915,49417,2828
E01001916,27846,1325
E01001917,45786,638
E01001918,55925,960
E01001919,42599,554
E01001920,45741,1520
E01001921,40211,1371
E01001922,40681,1104
E01001923,54830,2158
E01001924,59294,1471
E01001925,72383,1461
E01001926,42071,1456
E01001927,35500,1295
E01001928,41965,1837
E01001929,47031,1449
E01001930,43108,1808
E01001931,59103,2507
E01001932,53761,1756
E01001933,57988,1881
E01001934,36099,1814
E01001935,67349,2231
E01001937,46440,1283
E01001938,48501,2232
E01001939,42152,2133
E01001940,79498,3873
E01001941,82581,3934
E01001942,37094,1162
E01001943,74289,4404
E01001944,81462,3935
E01001945,46009,1305
E01001946,71912,2812
E01001947,60019,1727
E01001948,42071,1375
E01001949,37046,764
E01001950,43693,1124
E01001951,47886,1381
E01001952,47660,1870
E01001953,59494,1741
E01001954,58232,1616
E01001955,54826,1742
E01001956,46087,1204
E01001957,52111,2048
E01001958,54309,1267
E01001959,64089,2733
E01001960,44298,1616
E01001961,62081,1704
E01001962,23185,749
E01001963,28054,841
E01001964,28961,1228
E01001965,33954,312
E01001966,29619,1049
E01001967,27328,753
E01001968,30751,493
E01001969,59207,2987
E01001970,30424,939
E01001971,75768,4309
E01001972,53169,3275
E01001973,31651,1681
E01001974,35167,706
E01001975,51445,899
E01001976,32208,601
E01001977,42484,971
E01001978,42786,1060
E01001979,62564,2883
E01001980,41696,1053
E01001981,47117,1933
E01001982,37609,1234
E01001983,34117,742
E01001984,55203,2225
E01001985,39135,756
E01001986,32225,455
E01001987,23127,665
E01001988,40706,847
E01001989,39202,1286
E01001990,38780,844
E01001991,45979,1007
E01001992,25955,727
E01001993,34508,811
E01001994,34580,1449
E01001995,30692,1055
E01001996,30110,1238
E01001997,35409,958
E01001998,40617,734
E01001999,67932,1564
E01002000,34245,742
E01002001,59863,1260
E01002002,41443,1782
E01002003,50429,1463
E01002004,49824,964
E01002005,39527,1150
E01002006,49556,1438
E01002007,33813,1009
E01002008,20844,682
E01002009,33519,1215
E01002010,23126,869
E01002011,35598,1452
E01002013,51602,1577
E01002014,50602,1602
E01002015,58642,2355
E01002016,27034,415
E01002017,56218,1880
E01002018,49191,1226
E01002019,43974,2568
E01002020,37259,1303
E01002021,43177,812
E01002022,47644,1066
E01002023,34126,840
E01002024,58056,2772
E01002025,24468,649
E01002026,73841,2718
E01002027,43363,942
E01002028,59104,1514
E01002029,90522,5326
E01002030,43260,2369
E01002031,56711,2774
E01002032,64344,1085
E01002033,67468,972
E01002034,59311,2948
E01002036,48841,1419
E01002037,33098,1489
E01002038,58874,1654
E01002039,94603,4999
E01002040,31295,876
E01002041,50008,852
E01002042,50668,1279
E01002043,61277,1580
E01002044,41025,415
E01002045,81162,2060
E01002046,50048,1769
E01002047,42505,1152
E01002048,41436,1243
E01002049,48310,1301
E01002050,37006,483
E01002051,40199,812
E01002052,51668,1413
E01002053,42541,1844
E01002054,69269,1877
E01002055,38223,830
E01002056,51278,1689
E01002057,58776,1411
E01002058,59810,1732
E01002059,27515,735
E01002060,37737,780
E01002061,39062,1646
E01002062,34591,1053
E01002063,47917,1510
E01002064,65709,3367
E01002065,32040,1139
E01002066,46620,3220
E01002067,40923,1416
E01002068,44415,1660
E01002069,52028,2191
E01002070,35385,866
E01002071,51458,1506
E01002072,49985,1803
E01002073,60466,2238
E01002074,46781,1016
E01002075,49606,2059
E01002076,51661,1207
E01002077,46683,1454
E01002078,65795,2383
E01002079,61281,1437
E01002080,50198,2749
E01002081,55868,3020
E01002082,37765,2116
E01002083,45666,1586
E01002084,47034,2298
E01002085,31067,1197
E01002086,42988,1527
E01002087,42732,1384
E01002088,39297,1204
E01002089,72178,3693
E01002090,68182,3496
E01002091,50859,1863
E01002092,43969,1210
E01002093,66028,3401
E01002094,52832,1569
E01002095,68128,2532
E01002096,74748,2339
E01002097,101775,1558
E01002098,89636,6576
E01002099,105385,7640
E01002100,104381,3442
E01002101,44871,947
E01002102,52257,2320
E01002103,103336,5606
E01002104,58381,1846
E01002105,89068,4930
E01002106,35757,817
E01002107,35694,615
E01002108,35072,407
E01002109,23298,673
E01002110,37457,1017
E01002111,33565,510
E01002112,30061,1345
E01002113,21455,605
E01002114,14806,582
E01002115,31784,966
E01002116,35843,870
E01002117,26049,776
E01002118,40563,1118
E01002119,54606,1520
E01002120,28484,781
E01002121,29919,499
E01002122,34613,538
E01002123,41810,795
E01002124,40386,803
E01002125,40854,837
E01002126,31986,1224
E01002127,21259,806
E01002128,32832,1512
E01002129,36302,1845
E01002130,32975,1331
E01002131,22034,403
E01002132,30162,1047
E01002133,19054,580
E01002134,16899,578
E01002135,28946,946
E01002136,28167,918
E01002137,24817,1330
E01002138,40681,1396
E01002139,38871,883
E01002140,33273,924
E01002141,30373,591
E01002142,34678,1081
E01002143,32884,437
E01002144,12422,413
E01002145,29985,880
E01002146,15458,350
E01002147,15645,250
E01002148,34274,901
E01002149,40106,799
E01002150,26156,956
E01002151,30076,999
E01002152,23338,468
E01002153,35185,646
E01002154,12684,543
E01002155,20569,455
E01002156,18311,421
E01002157,39906,1088
E01002158,22514,337
E01002159,38357,547
E01002160,28342,1157
E01002161,26882,589
E01002162,33433,602
E01002163,21227,363
E01002164,32137,484
E01002165,45610,1174
E01002166,41573,417
E01002167,40578,557
E01002168,35692,549
E01002169,30485,824
E01002170,25790,327
E01002171,39573,705
E01002172,21293,613
E01002173,32036,330
E01002174,37155,372
E01002175,34750,681
E01002176,26177,669
E01002177,30894,467
E01002178,31002,389
E01002179,35703,1901
E01002180,42780,1630
E01002181,20459,529
E01002182,32165,969
E01002183,33759,496
E01002184,44565,805
E01002185,39022,968
E01002186,32812,1008
E01002187,23484,667
E01002188,17685,471
E01002189,27648,923
E01002190,12975,361
E01002191,42020,1139
E01002192,23747,903
E01002193,25459,748
E01002194,25418,504
E01002195,40462,1096
E01002196,20697,294
E01002197,31840,491
E01002198,42186,819
E01002199,46493,424
E01002200,30540,765
E01002201,30253,548
E01002202,49966,1762
E01002203,32973,648
E01002204,71660,1178
E01002206,31981,766
E01002207,113279,1762
E01002208,43416,629
E01002209,58557,1858
E01002210,112209,1483
E01002211,43371,1158
E01002212,60303,1285
E01002213,40792,1350
E01002214,63903,1244
E01002215,65188,1133
E01002216,85275,1403
E01002217,43944,1260
E01002218,26976,780
E01002219,26660,877
E01002220,34067,733
E01002221,46893,1087
E01002222,44805,1385
E01002223,27860,409
E01002224,24838,620
E01002225,15678,730
E01002226,31184,1022
E01002227,31302,892
E01002228,32334,1096
E01002229,21463,574
E01002230,23275,371
E01002231,30620,561
E01002232,32671,621
E01002233,31964,841
E01002234,28171,595
E01002235,28263,453
E01002236,25849,1048
E01002237,38166,1768
E01002238,22948,587
E01002239,25712,522
E01002240,43447,1265
E01002241,29490,1184
E01002242,23226,265
E01002243,50899,1975
E01002244,32408,873
E01002245,30670,808
E01002246,15358,288
E01002247,35320,738
E01002248,32440,740
E01002249,47285,1649
E01002250,12351,273
E01002251,29738,501
E01002252,23826,415
E01002253,16270,539
E01002254,28147,462
E01002255,11938,275
E01002256,26000,441
E01002257,15274,333
E01002258,37844,532
E01002259,22879,596
E01002260,20887,472
E01002261,48228,867
E01002262,37257,565
E01002263,24510,881
E01002264,53750,2138
E01002265,38050,1330
E01002266,36499,984
E01002267,58313,3034
E01002268,25373,441
E01002269,17483,472
E01002270,17169,341
E01002271,19237,389
E01002272,34032,510
E01002273,16670,326
E01002274,24580,441
E01002275,21576,563
E01002276,8331,254
E01002277,16864,556
E01002278,63014,1619
E01002279,31707,1102
E01002280,55530,1372
E01002281,40904,1436
E01002282,52282,1475
E01002283,56015,1178
E01002284,54948,1567
E01002285,40717,1171
E01002286,36057,703
E01002287,27558,321
E01002288,37931,1631
E01002289,46421,755
E01002290,35810,384
E01002291,26650,543
E01002292,36749,1353
E01002293,40629,1630
E01002294,16335,618
E01002295,32067,1137
E01002296,14850,449
E01002297,41746,1631
E01002298,26202,738
E01002299,58566,1290
E01002300,40542,1252
E01002301,39934,333
E01002302,32619,583
E01002303,38584,879
E01002304,10404,319
E01002305,9486,195
E01002306,40139,568
E01002307,29588,471
E01002308,27044,546
E01002309,43744,991
E01002310,58314,2085
E01002311,25232,910
E01002312,24291,735
E01002313,43549,1214
E01002314,77289,2399
E01002315,51153,1577
E01002316,64966,2570
E01002317,26914,393
E01002318,26071,333
E01002319,39246,1389
E01002320,32206,425
E01002321,41336,1156
E01002322,38072,884
E01002323,27333,378
E01002324,36083,1281
E01002325,19077,380
E01002326,42238,620
E01002327,26054,435
E01002328,41620,751
E01002329,41385,829
E01002330,32694,384
E01002331,41929,995
E01002332,26074,519
E01002333,25535,391
E01002334,26239,863
E01002335,35284,430
E01002336,47392,899
E01002337,18073,440
E01002338,30258,450
E01002339,23463,416
E01002340,21817,343
E01002341,23893,562
E01002342,53207,1431
E01002343,26397,746
E01002344,8728,283
E01002345,41650,1803
E01002346,42100,1234
E01002347,12328,377
E01002348,11907,308
E01002349,23568,647
E01002350,36468,811
E01002351,31816,415
E01002352,29168,637
E01002353,40622,1409
E01002354,30500,585
E01002355,34930,430
E01002356,44701,1999
E01002358,41266,725
E01002359,19870,502
E01002360,42359,911
E01002361,49495,1693
E01002362,29088,1045
E01002363,35447,546
E01002364,34079,533
E01002365,23923,537
E01002366,38559,822
E01002367,35144,1216
E01002368,30894,1188
E01002369,32948,980
E01002370,30275,1142
E01002371,37767,913
E01002372,54844,1255
E01002373,36580,863
E01002374,23825,1264
E01002375,54924,1354
E01002376,24203,397
E01002377,46633,1054
E01002378,46969,820
E01002379,32368,820
E01002380,24802,402
E01002381,22787,402
E01002382,27907,461
E01002383,33823,608
E01002384,23176,607
E01002385,9130,263
E01002386,28495,900
E01002387,12650,131
E01002388,21171,257
E01002389,14316,190
E01002390,30929,328
E01002391,5846,168
E01002392,22498,305
E01002393,28384,971
E01002394,19018,109
E01002395,40682,600
E01002396,43167,1270
E01002397,53033,1123
E01002398,29140,168
E01002399,34608,694
E01002400,36472,995
E01002401,24617,684
E01002402,41230,819
E01002403,34323,845
E01002404,41122,873
E01002405,30641,895
E01002406,28423,1222
E01002407,34073,1293
E01002408,38313,1349
E01002409,37291,829
E01002410,35519,1057
E01002411,24370,828
E01002412,27486,1073
E01002413,42528,1377
E01002414,31681,1387
E01002415,95877,1653
E01002416,91276,1627
E01002417,83816,2012
E01002418,60749,2021
E01002419,91239,2242
E01002420,77854,2342
E01002421,88240,1816
E01002422,34846,353
E01002423,17773,608
E01002424,22676,336
E01002425,20108,386
E01002426,45954,974
E01002427,37006,487
E01002428,16863,365
E01002429,14001,463
E01002430,26179,680
E01002431,37775,241
E01002432,48886,912
E01002433,34275,1069
E01002434,33443,1349
E01002435,27077,715
E01002436,35712,1167
E01002437,20150,500
E01002438,9542,344
E01002439,26991,1001
E01002440,8760,294
E01002441,16063,550
E01002442,17965,739
E01002443,33584,1144
E01002444,24949,1220
E01002445,47964,836
E01002446,16175,545
E01002447,26464,1007
E01002448,17083,680
E01002449,45826,1592
E01002450,31212,556
E01002451,35272,504
E01002452,35141,327
E01002453,28448,471
E01002454,9817,210
E01002455,24493,514
E01002456,24339,624
E01002457,31365,544
E01002458,23132,729
E01002459,28362,745
E01002460,33367,943
E01002461,18324,565
E01002462,24997,495
E01002463,22713,504
E01002464,22460,509
E01002465,86496,2117
E01002466,131909,1679
E01002467,61485,1754
E01002468,112887,1755
E01002469,123381,1579
E01002470,80961,1396
E01002471,84411,1555
E01002472,33281,1401
E01002473,13966,476
E01002474,30144,913
E01002475,26176,982
E01002476,21899,680
E01002477,31337,1037
E01002478,36216,1236
E01002479,26217,675
E01002480,24510,590
E01002481,28031,632
E01002482,17140,633
E01002483,20008,380
E01002484,30032,859
E01002485,44842,1253
E01002486,21637,924
E01002487,35127,599
E01002488,36232,633
E01002489,40275,1241
E01002490,49917,849
E01002491,38548,402
E01002492,39833,789
E01002493,43980,923
E01002494,20099,775
E01002495,83945,2497
E01002496,55389,1463
E01002497,48243,1617
E01002498,64648,1510
E01002499,24463,726
E01002501,35036,635
E01002502,28679,693
E01002503,42092,859
E01002504,32276,971
E01002505,37291,1515
E01002506,35232,1002
E01002507,24630,645
E01002508,35631,1007
E01002509,31208,807
E01002511,46294,1279
E01002512,23890,937
E01002513,28991,1174
E01002514,36884,1605
E01002515,32425,1656
E01002516,26412,634
E01002518,47727,1373
E01002519,24218,1176
E01002520,30239,917
E01002521,47257,3139
E01002523,39682,820
E01002525,33380,1464
E01002526,34349,1475
E01002527,24598,941
E01002528,30402,1320
E01002529,28129,1263
E01002530,49447,896
E01002531,21276,729
E01002532,30336,1242
E01002533,24337,573
E01002534,26320,821
E01002535,54225,3123
E01002536,50454,3418
E01002537,26469,1734
E01002538,34208,1282
E01002539,30456,1182
E01002540,57308,1939
E01002541,41039,1481
E01002542,26942,634
E01002543,61067,2153
E01002544,25965,678
E01002545,44158,1578
E01002546,37407,1001
E01002547,53242,1058
E01002548,26774,1146
E01002549,28460,1106
E01002550,38874,1244
E01002551,34593,1732
E01002552,42540,1064
E01002553,49939,2142
E01002554,26066,1662
E01002555,33353,820
E01002556,72577,2420
E01002557,66374,2224
E01002558,90961,2908
E01002559,30783,1335
E01002560,63445,1914
E01002561,49693,2074
E01002562,37395,1365
E01002563,47029,1008
E01002564,66212,2759
E01002565,64487,2633
E01002566,54457,2795
E01002567,44703,2636
E01002568,50193,2539
E01002569,60357,1555
E01002570,39988,1475
E01002571,25826,1288
E01002572,14076,643
E01002573,35426,818
E01002574,48770,1824
E01002575,47169,1439
E01002576,39299,1203
E01002577,34140,1397
E01002578,31643,1041
E01002579,20833,917
E01002580,59735,1235
E01002581,44350,1559
E01002582,31310,979
E01002583,35018,1064
E01002584,44716,1620
E01002585,85896,2498
E01002586,41736,1388
E01002587,52744,2336
E01002588,67790,2822
E01002589,27990,910
E01002590,45053,1359
E01002591,33327,902
E01002592,22882,905
E01002593,52287,1812
E01002594,37008,756
E01002595,44772,857
E01002596,41060,1329
E01002598,71567,2544
E01002599,37092,894
E01002600,34097,553
E01002601,19086,803
E01002602,22783,657
E01002603,55258,2173
E01002604,52181,1771
E01002605,62206,2245
E01002606,56390,1373
E01002607,35483,1301
E01002608,43339,1188
E01002609,48721,1160
E01002610,20047,693
E01002611,37210,1318
E01002612,61501,2221
E01002613,26846,466
E01002614,33310,1111
E01002615,47999,1408
E01002616,39174,833
E01002617,35614,1145
E01002618,50591,852
E01002619,27538,504
E01002620,41963,1971
E01002621,44985,1742
E01002622,51740,1678
E01002623,49562,1302
E01002624,30664,1171
E01002625,83642,999
E01002626,57973,1403
E01002627,58198,1576
E01002628,38809,1554
E01002629,49178,2211
E01002630,40639,1117
E01002631,36160,826
E01002632,59410,1051
E01002633,28704,723
E01002634,64417,1599
E01002635,36177,1162
E01002636,33654,876
E01002637,43245,1200
E01002638,34309,783
E01002639,21991,486
E01002640,43917,1730
E01002641,41174,1890
E01002642,46139,1517
E01002643,37743,1461
E01002645,34120,1641
E01002646,37682,1043
E01002647,38114,1267
E01002648,32877,1135
E01002649,38719,1055
E01002650,20938,778
E01002651,37591,405
E01002652,48348,653
E01002653,33272,633
E01002654,33890,893
E01002655,36409,445
E01002656,35930,1209
E01002657,34292,419
E01002658,57275,1192
E01002659,45444,1138
E01002660,26631,621
E01002661,33052,1043
E01002662,28666,1087
E01002663,41730,1464
E01002664,46816,2080
E01002665,39710,875
E01002666,33306,661
E01002667,44652,2288
E01002668,44366,1848
E01002669,36159,972
E01002670,35845,1117
E01002671,33271,681
E01002672,45203,1618
E01002673,52571,1355
E01002674,28522,1243
E01002675,24072,584
E01002676,29409,576
E01002677,58277,1475
E01002678,23704,932
E01002679,45819,1050
E01002680,43699,1058
E01002681,43684,1897
E01002682,28556,1016
E01002683,39993,1073
E01002684,42102,2060
E01002686,19564,960
E01002687,75012,1957
E01002689,67237,1755
E01002690,53064,701
E01002691,36625,1464
E01002692,46458,2132
E01002693,45147,1455
E01002694,59061,2637
E01002695,48672,2143
E01002696,50848,3145
E01002697,58643,3380
E01002698,50471,2376
E01002699,65276,2807
E01002700,42430,1624
E01002701,85123,6408
E01002702,47594,2001
E01002703,49333,1245
E01002704,42115,2119
E01002706,57041,2413
E01002707,47694,2030
E01002708,40339,1915
E01002709,55001,1475
E01002710,59851,2112
E01002711,42647,2568
E01002712,54339,2018
E01002713,57238,1995
E01002714,41865,1313
E01002715,62424,2113
E01002716,53322,2727
E01002717,62111,4011
E01002718,38766,1354
E01002719,51859,2663
E01002720,64151,2443
E01002721,51772,1748
E01002722,40592,1301
E01002723,63769,2939
E01002724,50838,3133
E01002725,62449,3160
E01002726,55524,3058
E01002727,68766,3897
E01002728,50736,2790
E01002729,48726,3090
E01002730,44402,2105
E01002731,40485,1434
E01002732,31254,1245
E01002733,45600,863
E01002734,53176,2111
E01002735,61200,2797
E01002736,48601,1279
E01002737,68597,1961
E01002738,33196,1760
E01002739,55186,1275
E01002740,42906,1839
E01002741,51435,1517
E01002742,44427,1200
E01002743,71679,2254
E01002744,38934,747
E01002745,48815,1129
E01002747,43202,835
E01002748,39744,1300
E01002749,44699,1318
E01002751,72608,3063
E01002752,44000,1132
E01002753,59809,2097
E01002754,41464,1101
E01002755,68610,2473
E01002756,47422,1753
E01002757,57347,1768
E01002758,68104,3055
E01002759,62802,2591
E01002760,53868,1930
E01002762,58261,2048
E01002763,74039,2997
E01002764,50060,1817
E01002765,43986,1644
E01002766,42135,1464
E01002767,59762,3036
E01002768,51261,1392
E01002769,32770,840
E01002770,59688,2963
E01002771,46074,1635
E01002772,45349,1311
E01002773,64001,1772
E01002774,47445,1877
E01002775,48574,2650
E01002776,54620,2837
E01002777,39009,1555
E01002778,56704,3986
E01002779,60989,3053
E01002780,43821,2066
E01002781,57838,3370
E01002782,57187,2182
E01002783,30453,1224
E01002784,43448,1860
E01002785,48175,1076
E01002786,59157,2189
E01002787,57328,1768
E01002788,46633,1540
E01002789,38168,1060
E01002790,64023,2559
E01002791,49407,3035
E01002792,43353,1898
E01002793,75499,3094
E01002794,60191,3449
E01002795,52332,3988
E01002796,54986,1797
E01002797,56043,2211
E01002798,66031,1915
E01002799,55919,2189
E01002800,66108,2778
E01002801,47638,1127
E01002802,55603,2262
E01002803,59727,2924
E01002804,44809,882
E01002805,54024,1433
E01002806,34038,1052
E01002807,69222,1845
E01002808,45348,985
E01002809,42137,1281
E01002810,65435,1434
E01002811,38344,1452
E01002812,50764,2112
E01002813,47240,1576
E01002814,50497,1672
E01002815,72211,2610
E01002816,49354,1426
E01002817,42631,1613
E01002818,51175,1507
E01002819,50452,2029
E01002820,51555,1610
E01002821,59422,1798
E01002822,67712,2274
E01002823,74416,2045
E01002824,61451,2001
E01002825,48073,1771
E01002826,56494,1658
E01002827,35655,1078
E01002828,38799,916
E01002829,50451,597
E01002830,53028,892
E01002831,48762,1501
E01002832,59275,1928
E01002833,90328,3030
E01002834,43319,916
E01002835,52396,1576
E01002836,57407,1423
E01002837,36579,534
E01002838,44936,1360
E01002839,55765,1691
E01002840,67905,5446
E01002841,54125,2060
E01002842,125889,2897
E01002843,127251,5542
E01002844,71293,3035
E01002845,67189,2385
E01002846,52919,1933
E01002847,44600,889
E01002848,44294,2161
E01002849,57194,1742
E01002850,43725,1082
E01002851,53472,1770
E01002852,39123,1645
E01002853,46162,925
E01002854,81464,2054
E01002855,84135,1731
E01002856,98818,1234
E01002857,74100,3323
E01002858,66335,3091
E01002859,49740,2248
E01002860,52782,1378
E01002861,53313,2074
E01002862,91093,2528
E01002863,48113,1188
E01002864,46075,2017
E01002865,38767,1088
E01002866,53090,1649
E01002867,67583,2724
E01002868,32735,1467
E01002869,63352,1331
E01002870,58182,1885
E01002871,74031,2734
E01002872,72187,2241
E01002873,69346,3166
E01002874,121622,5297
E01002875,90156,4608
E01002876,38350,447
E01002877,61350,1675
E01002878,86840,1648
E01002879,70499,1976
E01002880,61246,2697
E01002881,99219,2010
E01002882,59440,2655
E01002883,48074,1717
E01002884,82122,5120
E01002885,64921,1791
E01002886,40636,1111
E01002887,75178,1449
E01002888,58948,2172
E01002889,34446,1105
E01002890,45352,1312
E01002891,45410,1584
E01002892,78418,1447
E01002893,65809,1274
E01002894,75702,2005
E01002895,50480,1379
E01002896,39478,996
E01002897,56587,3139
E01002898,29029,707
E01002899,68633,1336
E01002900,54547,1778
E01002901,46831,1728
E01002902,44071,1483
E01002903,59567,1237
E01002904,58067,2234
E01002905,39725,885
E01002906,37679,954
E01002907,70310,1288
E01002908,45282,1147
E01002909,29659,221
E01002910,67532,2016
E01002911,75979,3408
E01002912,69241,2464
E01002913,89144,4455
E01002914,70577,2735
E01002915,31618,781
E01002916,28911,1047
E01002917,40995,629
E01002918,23623,644
E01002919,20400,737
E01002920,28192,537
E01002921,51705,1881
E01002922,23905,478
E01002923,51857,1772
E01002924,25205,430
E01002925,42261,939
E01002926,44775,1032
E01002927,26130,702
E01002928,41053,1735
E01002929,22223,698
E01002930,52053,2398
E01002931,40979,2320
E01002932,33230,1255
E01002933,40686,842
E01002934,38355,1367
E01002935,50972,3171
E01002937,31859,902
E01002938,31774,913
E01002939,47043,928
E01002940,43405,1272
E01002941,17124,563
E01002942,33832,889
E01002943,27077,805
E01002944,36287,1095
E01002945,47518,1021
E01002946,18417,633
E01002947,21302,730
E01002948,10999,529
E01002949,28249,1127
E01002950,13000,501
E01002951,34989,1692
E01002952,19881,1010
E01002953,28930,1541
E01002954,40139,1577
E01002955,50980,1456
E01002956,42995,2356
E01002957,36675,1427
E01002958,40153,1047
E01002959,19420,673
E01002960,25561,760
E01002961,28688,726
E01002962,26655,856
E01002963,62413,2123
E01002964,46568,1609
E01002965,44950,1992
E01002966,26320,596
E01002967,56179,1793
E01002968,52045,3262
E01002969,71640,2345
E01002970,29380,863
E01002971,36020,1275
E01002972,43446,2314
E01002973,31576,1218
E01002974,30299,866
E01002975,25370,858
E01002976,32437,1055
E01002977,27990,992
E01002978,29953,1098
E01002979,23392,776
E01002980,22887,796
E01002981,42549,1250
E01002982,27165,561
E01002983,20976,847
E01002984,36981,1542
E01002985,85081,3505
E01002986,17336,572
E01002987,61350,2669
E01002988,32046,990
E01002989,39655,1415
E01002990,56372,1792
E01002991,25153,705
E01002992,33953,984
E01002993,40538,799
E01002994,30456,734
E01002995,27741,935
E01002996,37315,1384
E01002997,38637,1116
E01002998,45298,630
E01002999,66173,3092
E01003000,30800,909
E01003001,56291,1725
E01003002,39518,1093
E01003003,42720,1692
E01003004,44656,1226
E01003005,35934,776
E01003006,40961,1509
E01003007,47866,969
E01003008,40091,883
E01003009,51301,1151
E01003010,37088,781
E01003011,37477,1030
E01003013,69946,5173
E01003014,77829,3922
E01003015,92856,4450
E01003016,66230,4385
E01003017,52857,2596
E01003018,75630,2525
E01003019,76137,2440
E01003020,82615,3213
E01003021,60959,1427
E01003022,37741,993
E01003023,76201,4573
E01003024,88973,2665
E01003025,79393,3596
E01003026,56877,2186
E01003027,85868,2595
E01003028,70866,1544
E01003029,86876,3130
E01003030,71670,2364
E01003031,89798,2908
E01003032,71208,3761
E01003033,74085,1861
E01003034,90346,4382
E01003035,68793,2671
E01003036,55526,2224
E01003037,76165,2798
E01003038,81325,3542
E01003039,84442,4730
E01003040,80013,3355
E01003041,66458,2370
E01003042,88544,2583
E01003043,83988,2817
E01003044,75119,2162
E01003045,58907,2776
E01003046,76892,2556
E01003047,75084,3812
E01003048,90332,3188
E01003049,70780,2074
E01003050,95895,3441
E01003051,82252,2670
E01003052,58399,2081
E01003053,106114,4608
E01003054,66718,2145
E01003055,70698,3129
E01003056,118316,3201
E01003057,90106,2771
E01003058,132870,4073
E01003059,54259,2354
E01003060,53389,1978
E01003061,99523,4643
E01003062,56928,2981
E01003063,64634,2136
E01003064,66862,1650
E01003065,70153,3531
E01003066,42577,1923
E01003067,66026,3012
E01003068,71487,3026
E01003069,36585,1694
E01003070,49978,1660
E01003071,102438,2426
E01003072,58034,1855
E01003073,108537,2732
E01003074,52203,2489
E01003075,81579,2642
E01003076,60620,3096
E01003077,107001,2738
E01003078,78655,2004
E01003079,49426,1697
E01003080,74817,2599
E01003081,50979,1744
E01003082,57211,2716
E01003083,40847,956
E01003084,37384,1120
E01003085,41062,1314
E01003086,61394,1691
E01003087,67789,2006
E01003088,65686,2267
E01003089,72641,2702
E01003090,77415,2981
E01003091,83670,2896
E01003092,71846,3935
E01003093,70811,3360
E01003094,82177,2706
E01003095,57391,2710
E01003096,86812,2779
E01003097,74798,2889
E01003098,73176,2644
E01003099,66712,3500
E01003100,82454,3290
E01003101,109547,4694
E01003102,75489,4907
E01003104,75543,2931
E01003105,94443,4695
E01003106,83136,3011
E01003107,95682,4051
E01003108,81894,2867
E01003109,64648,4476
E01003110,91238,3951
E01003111,89328,3716
E01003112,68446,3704
E01003113,50578,2339
E01003114,54253,1555
E01003115,49773,1165
E01003116,48236,2022
E01003117,63774,1844
E01003118,58153,2262
E01003119,76655,3255
E01003120,41836,1180
E01003121,46623,2451
E01003122,44085,1853
E01003123,51929,1793
E01003124,43528,1501
E01003125,69103,1844
E01003126,57432,2650
E01003127,52896,2449
E01003128,76330,2959
E01003129,80139,3707
E01003130,55659,1277
E01003131,48041,1518
E01003132,95244,3670
E01003133,70887,3079
E01003134,69848,2199
E01003135,83406,1897
E01003136,49227,1684
E01003137,77880,2921
E01003138,36210,871
E01003139,52174,781
E01003140,46277,1514
E01003141,76829,2551
E01003142,41812,789
E01003143,86583,2608
E01003144,37353,1235
E01003145,95670,2562
E01003146,90945,3224
E01003147,77682,1742
E01003148,61903,1928
E01003149,39174,1877
E01003150,42396,1570
E01003151,81694,3045
E01003152,66876,2446
E01003153,68597,1790
E01003154,50819,2045
E01003155,60864,1328
E01003156,85608,1630
E01003157,64573,1701
E01003158,86536,2378
E01003159,56695,2049
E01003160,65473,2188
E01003161,70195,2142
E01003162,75412,3530
E01003163,65712,2589
E01003164,86107,4112
E01003165,77162,2039
E01003166,65257,1795
E01003167,56079,1408
E01003168,65286,2003
E01003169,58272,1782
E01003170,48832,1998
E01003171,70600,1642
E01003172,81093,3257
E01003173,76545,2431
E01003174,68452,3523
E01003175,73165,2669
E01003176,97733,3849
E01003177,85516,1362
E01003178,73989,1641
E01003179,79271,3276
E01003180,75914,4239
E01003181,86521,2684
E01003182,72394,2638
E01003183,79445,3821
E01003184,113549,2163
E01003185,93193,2833
E01003186,59146,2430
E01003187,83473,3247
E01003188,72920,2748
E01003189,47773,1299
E01003190,52867,2300
E01003191,56906,2449
E01003192,26690,1467
E01003193,50182,3174
E01003194,24221,805
E01003195,30780,469
E01003196,30977,710
E01003197,36792,1678
E01003198,86299,3262
E01003199,58454,2727
E01003200,48698,2465
E01003201,77295,2548
E01003202,64584,2332
E01003203,90666,3524
E01003204,62611,1828
E01003205,60552,2314
E01003206,51642,3221
E01003207,94925,3955
E01003209,55333,1774
E01003210,60671,2224
E01003211,47648,1486
E01003212,34538,988
E01003213,32237,674
E01003214,34676,685
E01003215,53256,2210
E01003216,33588,439
E01003217,41696,334
E01003218,35055,255
E01003219,31861,496
E01003220,42925,546
E01003221,24983,654
E01003222,50265,661
E01003223,27468,417
E01003224,34399,276
E01003225,40729,1368
E01003226,41366,574
E01003227,25905,453
E01003228,39512,688
E01003229,44596,1011
E01003230,37107,847
E01003231,38902,1507
E01003232,46815,1529
E01003233,72211,1822
E01003235,21030,607
E01003236,48501,1405
E01003237,36234,630
E01003238,48823,724
E01003239,28746,671
E01003240,39827,1102
E01003241,34863,1800
E01003243,40816,1401
E01003244,89861,3170
E01003245,39872,1826
E01003246,60338,2298
E01003247,59450,2438
E01003248,47831,1927
E01003249,31100,1637
E01003250,48364,2098
E01003251,53973,2970
E01003252,89903,4559
E01003253,81695,4071
E01003254,36921,1397
E01003255,49383,1675
E01003256,42382,1208
E01003257,40141,1613
E01003258,61284,2316
E01003259,40094,921
E01003260,29772,631
E01003261,26342,468
E01003262,38570,741
E01003263,77952,7704
E01003264,89430,6731
E01003265,48109,2516
E01003266,38883,1730
E01003267,39134,1179
E01003268,66717,3835
E01003269,64048,3950
E01003270,85554,9041
E01003271,56480,5205
E01003272,48503,1019
E01003273,36727,944
E01003274,54086,2121
E01003275,43844,1940
E01003276,34298,1426
E01003277,66655,1980
E01003278,54021,1859
E01003279,36662,820
E01003280,94220,4508
E01003281,42943,2283
E01003282,31717,1336
E01003283,42061,1945
E01003284,47187,1835
E01003285,55320,1314
E01003286,54373,1759
E01003287,31899,713
E01003288,56147,1973
E01003290,36121,1454
E01003291,42289,2016
E01003292,52877,1471
E01003293,36609,891
E01003295,45575,930
E01003296,70122,4054
E01003297,37911,1629
E01003298,50881,2079
E01003299,52265,2062
E01003300,63766,2174
E01003301,60268,2187
E01003302,45192,1934
E01003303,77037,3155
E01003304,70682,3294
E01003305,33798,1085
E01003307,38212,714
E01003308,37181,532
E01003309,42372,1001
E01003310,37520,805
E01003311,37683,639
E01003312,34614,778
E01003313,32359,786
E01003314,38313,560
E01003315,28473,696
E01003316,38904,365
E01003317,36149,1815
E01003318,45953,1624
E01003319,40013,561
E01003320,55275,899
E01003321,32496,1053
E01003322,46224,1088
E01003323,39960,1054
E01003324,76424,1931
E01003325,53873,768
E01003326,28348,536
E01003327,38312,866
E01003328,31322,714
E01003329,31578,1006
E01003330,37004,1615
E01003331,38530,1010
E01003332,45210,1474
E01003333,42361,758
E01003334,52313,1382
E01003335,51545,884
E01003336,40369,860
E01003337,27838,635
E01003338,66272,2895
E01003339,39409,849
E01003340,24927,793
E01003341,44165,2157
E01003342,34375,822
E01003343,33423,737
E01003344,32311,1141
E01003345,41090,1356
E01003346,59729,1136
E01003347,48137,746
E01003348,34971,1018
E01003349,29949,708
E01003350,47476,952
E01003351,42951,807
E01003352,51121,1435
E01003353,37630,1250
E01003354,34939,1245
E01003355,112282,4056
E01003356,44408,1936
E01003357,45319,2134
E01003358,106785,3002
E01003359,87595,4630
E01003360,84855,3261
E01003361,42316,1369
E01003362,30316,1002
E01003363,44026,1557
E01003364,51995,1366
E01003365,43255,1340
E01003366,23636,769
E01003367,72553,4008
E01003368,94731,2153
E01003369,131817,4416
E01003370,104159,3624
E01003371,106591,3923
E01003372,105253,4416
E01003373,50099,2008
E01003374,38854,1486
E01003375,26019,901
E01003376,49469,1969
E01003377,61267,2716
E01003378,46095,1943
E01003379,52574,2647
E01003380,47596,1626
E01003381,54522,1043
E01003382,75311,1927
E01003383,64103,2701
E01003384,100803,3050
E01003385,40077,1734
E01003386,72306,3671
E01003387,70299,3479
E01003388,91259,5260
E01003389,71419,4008
E01003390,102464,7493
E01003391,65060,3430
E01003392,64935,2098
E01003393,114831,2397
E01003394,87612,2703
E01003395,43884,1626
E01003396,84901,1322
E01003397,84047,2626
E01003398,47204,1163
E01003399,51899,1635
E01003400,49404,1483
E01003401,42530,1503
E01003402,47441,1639
E01003403,31728,1039
E01003404,35810,1576
E01003405,64899,3337
E01003406,96280,3644
E01003407,53851,2614
E01003408,52945,2925
E01003409,75114,3356
E01003410,40063,1652
E01003411,45294,1891
E01003412,60113,2566
E01003413,27179,898
E01003414,41113,908
E01003415,49692,1032
E01003416,34067,1363
E01003417,59683,2121
E01003418,79852,1875
E01003419,38018,1152
E01003420,54510,1567
E01003421,61337,2420
E01003422,47392,1771
E01003423,49207,2959
E01003424,57130,2108
E01003425,47271,1787
E01003426,60886,2797
E01003427,43457,1616
E01003428,44856,1685
E01003429,46856,1296
E01003430,52256,1503
E01003431,40483,835
E01003432,36131,711
E01003433,41301,1769
E01003434,49902,1249
E01003435,39358,915
E01003436,27466,822
E01003437,34829,977
E01003438,50606,1708
E01003439,48708,1983
E01003440,36960,1327
E01003441,48376,2250
E01003442,39801,1965
E01003443,43867,1621
E01003444,47153,1000
E01003445,43271,981
E01003446,77969,2685
E01003447,53894,2006
E01003448,50746,1435
E01003449,35575,1051
E01003450,68800,1729
E01003451,30402,996
E01003452,47619,1367
E01003453,52958,1191
E01003454,100419,3725
E01003455,72973,4530
E01003456,106403,4039
E01003457,92306,1799
E01003458,116239,3040
E01003459,104523,5490
E01003460,25391,1183
E01003461,32362,1571
E01003462,34997,1357
E01003463,26098,915
E01003464,31440,1379
E01003465,28651,1031
E01003466,33591,837
E01003467,28553,825
E01003468,24730,503
E01003469,60962,1941
E01003470,41762,1135
E01003471,30926,971
E01003472,40622,568
E01003473,56304,2158
E01003474,21406,708
E01003475,44943,1935
E01003476,51623,1890
E01003477,57236,2037
E01003478,35807,1287
E01003479,40403,1597
E01003480,59006,3316
E01003481,41969,1462
E01003482,26322,1327
E01003483,43326,2027
E01003484,56830,2405
E01003485,62749,2726
E01003486,69839,3791
E01003487,45314,1011
E01003488,48392,1208
E01003489,42398,1832
E01003490,59805,902
E01003491,43081,1203
E01003492,51635,638
E01003493,54656,945
E01003494,41068,945
E01003495,45692,777
E01003496,30376,1047
E01003497,48054,2706
E01003498,54695,1948
E01003499,59971,1867
E01003500,39814,1494
E01003501,43327,1464
E01003502,83997,3433
E01003503,106352,3195
E01003506,64772,2416
E01003507,58286,1485
E01003508,54265,1636
E01003509,87581,3140
E01003511,50790,1730
E01003512,53988,1755
E01003513,51314,2585
E01003514,44730,2283
E01003515,37478,1491
E01003516,47813,2092
E01003517,53435,2447
E01003518,47397,2088
E01003519,65544,3485
E01003520,49704,1693
E01003521,42017,1469
E01003522,47389,1231
E01003523,43656,1492
E01003524,53153,712
E01003525,58207,2535
E01003526,46525,1398
E01003527,41375,726
E01003528,33804,1183
E01003529,40195,724
E01003530,32096,646
E01003531,44588,1879
E01003532,41486,711
E01003533,38437,1423
E01003534,33428,645
E01003535,49688,2512
E01003536,62316,1479
E01003537,33362,844
E01003538,46378,1173
E01003539,69354,1560
E01003540,85857,2672
E01003541,66342,1153
E01003542,46247,1569
E01003543,32524,682
E01003544,83086,2373
E01003545,62004,2620
E01003546,72387,3999
E01003547,45650,1086
E01003548,48941,2594
E01003549,76181,4289
E01003550,53700,2631
E01003551,37992,1715
E01003552,53804,1415
E01003553,92165,4399
E01003554,57383,1143
E01003555,79954,2540
E01003556,99157,4072
E01003557,54622,2027
E01003558,48449,1936
E01003559,71844,2926
E01003560,31646,511
E01003561,53838,1390
E01003562,45288,1561
E01003563,41466,636
E01003564,49509,2101
E01003565,49607,1940
E01003566,45730,1977
E01003567,41872,1711
E01003568,34899,904
E01003569,63186,1916
E01003570,44641,1382
E01003571,50040,2090
E01003572,47390,1340
E01003573,48767,1978
E01003574,39874,1116
E01003575,30173,962
E01003576,68294,2587
E01003577,62047,1042
E01003578,32908,1375
E01003579,40647,1375
E01003580,41821,997
E01003581,39106,748
E01003582,53302,817
E01003583,60441,1221
E01003584,45278,1926
E01003585,38915,667
E01003586,38128,1066
E01003587,64813,2730
E01003588,39293,1063
E01003589,38119,1418
E01003590,57982,2613
E01003591,38540,1337
E01003592,35697,1211
E01003593,45261,2306
E01003594,57055,2186
E01003595,64430,2748
E01003596,52500,2380
E01003597,27348,466
E01003598,62139,1589
E01003599,40716,1074
E01003600,67852,3434
E01003601,42451,1493
E01003602,51181,1398
E01003603,61788,1854
E01003604,84866,3485
E01003605,51311,1191
E01003606,49071,1165
E01003607,49687,2358
E01003608,51732,431
E01003609,41905,2309
E01003611,77799,4047
E01003615,70108,4228
E01003616,65208,4891
E01003617,92787,6907
E01003618,58187,3679
E01003619,51699,3142
E01003621,77640,2593
E01003622,55803,2288
E01003623,45182,1908
E01003624,36489,837
E01003625,32182,944
E01003626,32774,796
E01003627,37677,820
E01003628,46822,1096
E01003629,46991,1028
E01003630,75940,3550
E01003631,65549,2454
E01003632,43893,1510
E01003633,118593,6061
E01003634,78376,5060
E01003635,40518,1611
E01003636,63301,3587
E01003637,45270,1397
E01003638,46546,1990
E01003639,17093,424
E01003640,10534,392
E01003641,52760,1053
E01003642,35985,576
E01003643,42316,519
E01003644,52291,772
E01003645,62884,1792
E01003646,61415,2519
E01003647,48611,696
E01003648,46022,904
E01003649,32131,191
E01003650,48304,782
E01003651,37907,253
E01003652,49266,1063
E01003653,53044,1124
E01003654,43185,1305
E01003655,31120,591
E01003656,33187,862
E01003657,32418,792
E01003658,35170,593
E01003659,36793,771
E01003660,17915,501
E01003661,33812,644
E01003662,34500,1092
E01003663,26543,545
E01003664,18549,193
E01003665,28928,231
E01003666,43167,895
E01003668,38922,990
E01003669,53372,679
E01003670,28883,1206
E01003671,26451,475
E01003672,57710,2014
E01003673,47798,1122
E01003674,47569,1366
E01003675,58114,1652
E01003676,40162,582
E01003677,33283,873
E01003678,33737,603
E01003679,39531,512
E01003680,45254,550
E01003681,55436,1526
E01003682,45184,849
E01003683,53972,231
E01003684,38737,399
E01003685,66960,289
E01003686,39874,588
E01003688,40802,526
E01003689,49035,2007
E01003690,33481,1695
E01003691,44875,193
E01003692,44197,813
E01003693,49183,747
E01003694,32865,199
E01003695,26641,265
E01003696,24889,468
E01003697,46704,1183
E01003698,35903,459
E01003699,16846,477
E01003700,26319,715
E01003701,22954,802
E01003702,38889,1113
E01003703,33067,1194
E01003704,17035,335
E01003705,44567,1535
E01003706,45639,496
E01003707,42438,671
E01003708,29113,636
E01003709,38318,311
E01003710,38044,633
E01003711,48070,1882
E01003712,45362,1424
E01003713,49104,459
E01003714,40848,449
E01003715,38733,283
E01003716,33825,889
E01003718,39445,530
E01003719,31607,783
E01003720,28576,439
E01003721,30831,358
E01003722,41989,700
E01003723,31078,440
E01003724,24796,490
E01003725,40806,546
E01003726,12267,413
E01003727,39236,761
E01003728,68936,2575
E01003729,73238,543
E01003730,50805,224
E01003731,57687,1795
E01003732,38037,901
E01003733,34931,580
E01003734,43243,979
E01003735,43531,1012
E01003736,36342,656
E01003737,33201,881
E01003738,62049,1646
E01003739,46808,616
E01003740,34291,621
E01003741,55946,831
E01003742,33397,277
E01003743,55648,707
E01003744,23020,588
E01003745,22780,459
E01003746,30351,777
E01003747,21522,310
E01003748,31381,818
E01003749,38124,1127
E01003750,30183,1075
E01003751,20978,655
E01003752,27467,435
E01003753,35839,227
E01003754,51194,461
E01003755,36792,625
E01003756,27975,391
E01003757,27102,609
E01003758,30312,635
E01003759,28037,471
E01003760,42123,1007
E01003761,57724,1216
E01003762,49362,1461
E01003763,23868,650
E01003764,38290,960
E01003765,60392,1724
E01003766,34906,623
E01003767,40819,754
E01003768,40186,993
E01003769,44732,1413
E01003770,34642,1747
E01003771,29687,435
E01003772,55582,539
E01003773,37700,1284
E01003774,39580,758
E01003775,47523,1514
E01003776,40896,1427
E01003777,31831,734
E01003778,56842,1782
E01003779,52787,2023
E01003780,20133,200
E01003781,24471,314
E01003782,39742,1302
E01003783,56007,3013
E01003784,35728,240
E01003785,35818,490
E01003786,32442,261
E01003787,35842,236
E01003788,56903,1797
E01003789,29600,869
E01003790,30730,1037
E01003791,31266,977
E01003792,37700,1068
E01003793,38772,1399
E01003794,39459,689
E01003795,34215,1071
E01003796,46227,1502
E01003797,29795,687
E01003798,29433,762
E01003799,28254,1336
E01003800,35017,1331
E01003801,33461,1129
E01003802,23228,957
E01003803,30139,1207
E01003804,39419,1050
E01003805,55326,771
E01003806,29154,757
E01003807,54614,1728
E01003808,49275,1289
E01003809,31005,704
E01003810,43887,1192
E01003811,40111,1132
E01003812,40766,1816
E01003813,26140,619
E01003814,49609,1573
E01003815,41043,1155
E01003816,29820,808
E01003817,30721,1058
E01003818,49070,1914
E01003819,29681,1028
E01003820,42745,1301
E01003821,103311,2783
E01003822,22244,563
E01003823,20399,703
E01003824,28427,855
E01003825,35509,1283
E01003826,19849,781
E01003827,31880,1225
E01003828,38961,939
E01003829,23510,791
E01003831,42599,1622
E01003832,61399,3107
E01003833,47819,2437
E01003834,35389,1412
E01003835,26535,912
E01003836,42979,956
E01003837,31319,1092
E01003838,37234,1042
E01003839,47797,1953
E01003840,39215,1062
E01003841,41506,1018
E01003842,34666,1328
E01003843,40685,710
E01003844,49143,1057
E01003845,45611,1505
E01003846,37393,1067
E01003847,29353,1414
E01003848,47848,1526
E01003849,36423,754
E01003851,45594,1562
E01003852,49848,1877
E01003853,49080,1253
E01003854,45452,1559
E01003855,40896,1514
E01003856,49088,1029
E01003857,54003,1852
E01003858,52695,1240
E01003859,43843,1375
E01003860,15690,782
E01003861,54579,1738
E01003862,38357,946
E01003863,33425,1061
E01003864,48166,1662
E01003865,35538,986
E01003866,46355,1999
E01003867,41018,1430
E01003868,44066,1507
E01003869,40203,1355
E01003870,37852,1726
E01003871,28283,1220
E01003872,29380,1106
E01003873,36776,914
E01003874,38665,917
E01003875,33355,946
E01003876,40448,2223
E01003877,46160,825
E01003878,55991,1118
E01003879,40708,1292
E01003880,31166,1075
E01003881,26031,881
E01003882,28816,1165
E01003883,40811,1083
E01003884,34741,1285
E01003886,46360,1920
E01003887,45225,1349
E01003888,46986,1500
E01003889,33966,1000
E01003890,36221,1081
E01003891,42019,1869
E01003892,19961,967
E01003893,29080,797
E01003894,44404,1319
E01003895,27906,946
E01003896,32649,1770
E01003897,48887,2615
E01003898,33857,1122
E01003899,39232,630
E01003900,21449,762
E01003901,40170,1347
E01003902,53636,2016
E01003903,21491,677
E01003904,36854,1089
E01003905,41478,966
E01003906,43329,911
E01003907,32763,822
E01003908,28879,712
E01003909,48128,677
E01003910,54832,1058
E01003911,73107,3254
E01003912,73329,2176
E01003913,47564,2579
E01003914,28671,585
E01003915,65953,2627
E01003916,41890,1477
E01003917,46746,1654
E01003918,52534,1903
E01003919,61077,1952
E01003920,56743,2175
E01003921,72372,2643
E01003922,54493,1841
E01003923,41191,1369
E01003924,65069,1622
E01003925,39898,1631
E01003926,46167,1407
E01003927,58613,3075
E01003929,77873,5401
E01003930,82458,3271
E01003932,95645,7582
E01003933,68469,4605
E01003934,60762,3716
E01003935,56123,3102
E01003936,56407,2085
E01003937,62400,2519
E01003938,55407,2247
E01003939,55698,2407
E01003940,65326,3922
E01003941,64553,3145
E01003942,66792,3540
E01003943,55029,2848
E01003945,29561,1382
E01003946,47600,1742
E01003947,43129,1752
E01003948,43192,2187
E01003949,43717,1000
E01003950,36832,1018
E01003951,23713,1008
E01003952,44796,583
E01003953,39598,827
E01003954,53680,405
E01003955,47084,615
E01003956,42186,315
E01003957,43586,564
E01003958,30259,623
E01003960,71346,2398
E01003961,62297,2593
E01003963,80747,2087
E01003964,47537,2107
E01003966,93358,3094
E01003967,70283,2780
E01003968,88321,3355
E01003969,45858,1676
E01003970,72955,2728
E01003971,89394,2831
E01003972,76417,2077
E01003973,47311,1478
E01003974,90907,2727
E01003975,56074,1974
E01003976,59937,2317
E01003977,59869,2411
E01003978,59925,2450
E01003979,46408,1694
E01003980,52516,2265
E01003981,53399,3056
E01003983,73133,2489
E01003984,56725,2044
E01003986,46851,1960
E01003987,65053,1841
E01003988,40878,2247
E01003989,46852,1729
E01003990,46765,1911
E01003991,36671,1528
E01003992,62214,1866
E01003993,75279,2707
E01003994,46057,1936
E01003995,68070,2570
E01003997,60733,2575
E01003998,46830,2127
E01003999,62558,2141
E01004000,55912,1545
E01004001,40925,1116
E01004002,33792,1006
E01004003,65147,2192
E01004004,44277,1414
E01004005,48199,1354
E01004006,33934,817
E01004007,64733,2904
E01004008,64059,2408
E01004010,85202,5195
E01004011,48214,2124
E01004012,37761,1748
E01004013,56434,2777
E01004014,67841,3079
E01004015,30201,1141
E01004016,30404,798
E01004017,25985,832
E01004018,35246,915
E01004019,39115,1447
E01004020,62874,5776
E01004022,48752,2408
E01004023,69923,3231
E01004024,53609,2444
E01004027,69662,4865
E01004028,64429,3110
E01004029,77211,3079
E01004030,68277,3285
E01004031,50217,3453
E01004032,54109,2923
E01004033,68925,3536
E01004034,62986,4571
E01004035,56532,3985
E01004036,80808,4249
E01004037,56579,2468
E01004038,49098,2661
E01004039,77057,3156
E01004040,58497,2401
E01004041,59974,2495
E01004042,64317,3303
E01004043,42362,1096
E01004044,59956,1264
E01004045,42510,1097
E01004046,40574,736
E01004047,59986,1517
E01004048,32684,1301
E01004049,73208,3351
E01004050,32794,670
E01004051,50304,1819
E01004052,48674,941
E01004053,51911,1920
E01004054,53409,2803
E01004055,41335,1692
E01004056,35263,2070
E01004057,65426,3073
E01004058,49121,2353
E01004059,47398,2025
E01004060,59152,1786
E01004061,46621,1467
E01004062,72528,2767
E01004063,44641,1399
E01004064,54845,1576
E01004065,35997,663
E01004066,47007,2169
E01004067,41131,1670
E01004068,44989,1469
E01004069,32335,1777
E01004070,34102,1357
E01004071,56040,1781
E01004072,30080,711
E01004073,33008,1298
E01004074,22312,994
E01004075,31930,1032
E01004076,19976,709
E01004077,32458,1265
E01004078,40044,1265
E01004079,24331,625
E01004080,25481,905
E01004081,43309,1131
E01004082,41328,1159
E01004083,45623,718
E01004084,21506,435
E01004085,26699,428
E01004086,26805,871
E01004087,26082,794
E01004088,27820,595
E01004089,60637,1536
E01004090,49860,2103
E01004091,22890,486
E01004092,18016,462
E01004093,29052,1271
E01004094,39923,1770
E01004095,26518,420
E01004096,52076,1899
E01004097,26454,686
E01004098,27983,869
E01004099,50002,2277
E01004100,33146,1087
E01004101,26800,596
E01004102,32447,871
E01004103,49476,1589
E01004104,23624,742
E01004105,24590,716
E01004106,17586,510
E01004107,29639,730
E01004108,11098,376
E01004109,15538,365
E01004110,48533,1122
E01004111,28766,881
E01004112,21432,602
E01004114,9058,327
E01004115,40699,926
E01004116,28449,792
E01004117,21539,675
E01004118,34588,765
E01004119,30188,531
E01004120,29357,670
E01004121,43612,811
E01004122,25924,430
E01004123,46995,1352
E01004124,37447,1089
E01004125,69889,1512
E01004126,51085,753
E01004127,51360,1650
E01004128,64273,1116
E01004129,56687,1752
E01004130,36817,1239
E01004131,36277,612
E01004132,34586,537
E01004133,33729,949
E01004134,35059,658
E01004135,32989,621
E01004136,39933,911
E01004137,39560,1572
E01004138,56590,1755
E01004139,39838,1288
E01004140,70175,2808
E01004141,52569,2133
E01004142,49281,2621
E01004143,41197,993
E01004144,28531,984
E01004145,20949,549
E01004146,45263,1452
E01004147,39189,940
E01004148,34005,1042
E01004149,36970,1214
E01004150,51719,1892
E01004151,24709,623
E01004152,60157,1873
E01004153,53352,1740
E01004154,19590,229
E01004155,48362,2199
E01004156,45744,1521
E01004157,27730,416
E01004158,34496,687
E01004159,24366,519
E01004160,26671,575
E01004161,24731,634
E01004162,46015,2081
E01004163,44669,1751
E01004164,53214,2518
E01004165,53966,2151
E01004166,40168,1462
E01004167,47520,1293
E01004168,39758,853
E01004169,43034,1912
E01004170,46235,2212
E01004171,40711,1810
E01004172,47215,1614
E01004173,32368,992
E01004174,37979,960
E01004175,45936,1567
E01004176,59090,2087
E01004177,56102,2034
E01004178,37865,1091
E01004179,27843,654
E01004180,21365,858
E01004181,44025,1200
E01004182,52371,1577
E01004183,44931,1398
E01004184,40084,1307
E01004185,32770,1011
E01004186,38595,1742
E01004187,56742,1919
E01004188,31284,1383
E01004189,29147,880
E01004190,18967,388
E01004191,37432,1239
E01004192,32436,840
E01004193,36634,1060
E01004194,45641,1017
E01004195,33953,948
E01004196,27776,664
E01004197,38791,1826
E01004198,59423,2645
E01004199,50136,1548
E01004200,69131,3152
E01004201,51736,3369
E01004202,44813,2129
E01004203,75658,2478
E01004204,56187,2156
E01004205,51687,2675
E01004206,60656,1951
E01004207,73776,2511
E01004208,91001,5233
E01004209,74197,1651
E01004211,47306,1576
E01004212,62692,2019
E01004214,49447,1705
E01004215,74731,3036
E01004216,79218,2176
E01004217,43525,2017
E01004218,39379,893
E01004219,90497,4320
E01004221,48480,1215
E01004222,45802,1638
E01004223,43564,1943
E01004224,78447,4462
E01004225,57765,2636
E01004226,59213,1580
E01004228,52617,1400
E01004229,61700,2641
E01004230,50718,3027
E01004231,75940,4017
E01004232,72670,5533
E01004233,64941,3384
E01004234,49850,2529
E01004235,112581,3223
E01004236,85361,3877
E01004237,51984,1777
E01004238,57791,2814
E01004239,65354,2523
E01004240,61505,3318
E01004241,55423,1893
E01004242,43232,1677
E01004243,65574,2129
E01004244,53879,2218
E01004245,59414,2336
E01004246,56317,2290
E01004247,87871,4055
E01004248,59062,1890
E01004249,56360,2053
E01004250,42582,2198
E01004251,75007,3702
E01004252,68675,2842
E01004253,61745,2098
E01004254,97389,4333
E01004255,119709,6319
E01004256,83407,2922
E01004257,64084,2187
E01004258,79480,3318
E01004259,58528,2211
E01004260,46660,1690
E01004261,104458,9544
E01004262,86728,7109
E01004263,46940,1406
E01004264,95050,3833
E01004266,68045,3927
E01004267,48062,2450
E01004268,67367,4280
E01004269,61623,2873
E01004270,62989,3640
E01004271,45498,1793
E01004272,69055,1991
E01004273,56158,2177
E01004274,69211,2589
E01004275,51463,1984
E01004276,51419,1886
E01004277,70581,4299
E01004280,58131,1716
E01004281,79709,3019
E01004283,55049,2939
E01004284,65926,2796
E01004285,59061,3107
E01004286,60426,3280
E01004287,65432,3456
E01004288,54478,2893
E01004289,60019,2368
E01004290,89872,3953
E01004291,36245,1766
E01004292,61897,2634
E01004293,65107,4086
E01004294,55652,2511
E01004295,58580,2344
E01004296,60404,2641
E01004297,39730,1178
E01004298,48091,1127
E01004300,116994,2965
E01004301,97208,3270
E01004302,98996,3419
E01004303,62606,3060
E01004304,56236,2175
E01004305,56220,2056
E01004306,57219,2266
E01004307,61492,3313
E01004308,67641,3084
E01004309,81872,4167
E01004310,85312,5417
E01004311,72079,4376
E01004312,58693,1537
E01004313,55789,1856
E01004314,68281,2471
E01004315,58667,2433
E01004316,80280,2259
E01004317,42028,2179
E01004318,77354,2448
E01004319,83638,3002
E01004321,49952,1956
E01004322,53448,1493
E01004323,68676,1704
E01004324,73061,2170
E01004325,54342,2206
E01004326,69149,2742
E01004327,53206,1855
E01004328,50030,955
E01004329,47444,985
E01004330,42278,855
E01004331,64857,2045
E01004332,49301,1570
E01004333,61961,1487
E01004334,72827,3772
E01004335,80863,4174
E01004336,53920,2658
E01004337,49437,2292
E01004338,39640,1458
E01004339,48298,2671
E01004340,53354,2801
E01004341,81166,4474
E01004342,35656,1480
E01004343,35341,1322
E01004344,33574,773
E01004345,29252,453
E01004346,24269,718
E01004347,35550,1322
E01004348,42248,2064
E01004349,28127,843
E01004350,32068,1008
E01004351,33928,1002
E01004352,20361,711
E01004353,27853,799
E01004354,31086,665
E01004355,36148,1117
E01004356,31418,815
E01004357,22429,686
E01004358,36406,886
E01004359,32936,742
E01004360,42855,742
E01004361,51215,1156
E01004362,31272,1246
E01004363,35920,1407
E01004364,33888,596
E01004365,48681,1751
E01004366,33752,542
E01004367,57863,892
E01004368,36883,697
E01004369,37698,549
E01004370,34282,483
E01004371,101884,1840
E01004372,31376,475
E01004373,44725,682
E01004374,97399,3274
E01004375,42489,1322
E01004376,73040,1491
E01004377,44217,1364
E01004378,38265,957
E01004379,44602,890
E01004380,32829,962
E01004381,57519,887
E01004382,48325,1003
E01004383,53217,945
E01004384,44276,1266
E01004385,32253,730
E01004386,31339,767
E01004387,35333,561
E01004388,39105,843
E01004389,33596,619
E01004390,45483,875
E01004391,28435,625
E01004392,50734,2296
E01004393,40316,1702
E01004394,48597,1927
E01004395,25082,1154
E01004396,28439,638
E01004397,55459,3048
E01004398,46632,1916
E01004399,24541,886
E01004400,42334,796
E01004401,24132,784
E01004402,30416,784
E01004403,55074,1989
E01004404,48713,1729
E01004405,53949,2071
E01004406,43259,1981
E01004407,50713,1216
E01004408,36414,914
E01004409,41817,1663
E01004410,40701,1268
E01004411,33127,1095
E01004412,47890,1584
E01004413,36325,1232
E01004414,26388,613
E01004415,38700,1067
E01004416,30080,875
E01004417,43833,1015
E01004418,37042,980
E01004419,24007,673
E01004420,60327,2690
E01004421,39227,1077
E01004422,36330,1861
E01004423,47278,2209
E01004424,35974,1033
E01004425,49484,2015
E01004426,35910,783
E01004427,34618,907
E01004428,42087,1902
E01004429,48337,1982
E01004430,64647,4309
E01004432,37628,1264
E01004434,39764,1387
E01004435,30999,1068
E01004436,94680,4373
E01004437,44811,1555
E01004438,58292,2530
E01004439,86740,2288
E01004440,55385,1520
E01004441,45365,719
E01004442,50823,1910
E01004443,47959,2382
E01004444,48343,2318
E01004445,37985,1324
E01004446,45848,1135
E01004447,34157,1062
E01004448,32693,1239
E01004449,37731,1132
E01004450,41766,1089
E01004451,52007,1158
E01004452,52457,1306
E01004453,40812,1128
E01004454,31865,772
E01004455,41916,1939
E01004456,51468,1717
E01004457,46278,963
E01004458,59324,1674
E01004459,54152,1026
E01004460,51960,2623
E01004461,46343,2482
E01004462,34934,823
E01004463,57500,2268
E01004464,57996,1750
E01004465,53335,2883
E01004466,43707,1440
E01004467,59041,2206
E01004468,31167,1114
E01004469,39706,1026
E01004470,40689,1619
E01004471,39814,1107
E01004472,82315,2490
E01004473,91305,2820
E01004474,69456,1783
E01004475,85095,2432
E01004476,78567,3357
E01004477,67618,1924
E01004478,47539,543
E01004479,44800,1059
E01004480,77300,2758
E01004481,33224,743
E01004482,54078,1407
E01004483,56048,1979
E01004484,36592,793
E01004485,38690,985
E01004486,38738,856
E01004487,51033,1081
E01004488,39794,650
E01004489,35409,753
E01004490,33541,1045
E01004491,53229,1963
E01004492,57140,2827
E01004493,58633,1425
E01004494,53539,2050
E01004495,62225,2241
E01004496,68201,1489
E01004497,31039,957
E01004498,31589,551
E01004499,50055,2285
E01004500,55264,2547
E01004501,40656,1962
E01004502,50326,1856
E01004503,56026,2595
E01004504,32599,1483
E01004505,61091,3062
E01004506,39650,2062
E01004507,59056,2768
E01004508,94275,3777
E01004509,72662,5181
E01004510,124018,5430
E01004511,58597,2628
E01004512,45264,1845
E01004513,45343,1694
E01004514,81062,3532
E01004515,104213,4123
E01004516,35332,1056
E01004517,75639,1914
E01004518,44483,1007
E01004519,57631,1662
E01004520,46630,622
E01004521,44029,1029
E01004522,57860,848
E01004523,31898,1143
E01004524,55833,1692
E01004525,60142,1086
E01004526,72664,937
E01004527,42632,523
E01004528,67520,1826
E01004529,82922,1907
E01004530,41005,963
E01004531,57387,573
E01004532,77274,2786
E01004533,91610,1188
E01004534,37265,1780
E01004535,62159,2539
E01004536,32741,2251
E01004537,61427,2534
E01004538,117265,5339
E01004539,40600,1462
E01004540,49572,2439
E01004541,51721,2135
E01004542,29616,763
E01004543,45076,1617
E01004544,50354,1162
E01004545,54302,2706
E01004546,49874,1898
E01004547,41892,1269
E01004548,59846,1931
E01004549,57999,2309
E01004550,45526,1445
E01004551,65587,3368
E01004552,91526,2079
E01004553,65643,2374
E01004554,41688,1185
E01004555,66990,1802
E01004556,62244,1183
E01004557,45135,1168
E01004558,48680,1217
E01004559,39397,806
E01004560,37791,2148
E01004562,37296,1764
E01004563,48957,1904
E01004564,37831,1545
E01004565,54089,1240
E01004566,63059,3971
E01004567,51704,2357
E01004568,60818,2318
E01004569,50250,2179
E01004570,46695,1391
E01004571,68146,1839
E01004572,49796,2209
E01004573,35039,1186
E01004574,53656,2495
E01004575,30137,1377
E01004576,28453,1204
E01004577,57912,2174
E01004579,52647,2227
E01004580,58759,2640
E01004581,42128,1654
E01004582,53131,2549
E01004583,50193,2855
E01004584,68558,3002
E01004585,60592,2525
E01004586,61274,1605
E01004587,85240,2904
E01004588,72155,3248
E01004589,83401,2432
E01004590,58052,2053
E01004591,70221,3218
E01004592,61862,2790
E01004593,35029,1418
E01004594,52128,1209
E01004596,39615,1147
E01004597,57039,2620
E01004598,52460,1936
E01004599,46256,688
E01004600,69108,4040
E01004601,43254,2396
E01004602,48149,1637
E01004604,44286,1740
E01004605,49800,1667
E01004606,72044,2364
E01004607,49710,1826
E01004608,97470,4592
E01004609,61647,2863
E01004610,45021,1052
E01004611,54023,902
E01004612,81680,1453
E01004613,101214,1108
E01004614,54123,2103
E01004615,56948,1926
E01004616,92641,3152
E01004617,54526,1996
E01004618,55429,1860
E01004619,43031,1479
E01004620,61906,1023
E01004621,51501,1820
E01004622,66198,2302
E01004623,53123,763
E01004624,53994,1528
E01004625,64876,1612
E01004626,36431,1645
E01004627,43175,1395
E01004628,47791,2418
E01004629,40301,1352
E01004630,59532,2722
E01004631,38935,1672
E01004632,29894,977
E01004633,49039,2325
E01004634,55098,1469
E01004635,43477,1341
E01004636,52092,1773
E01004637,39570,1245
E01004638,36799,792
E01004639,46281,1443
E01004640,27550,883
E01004641,47198,1857
E01004642,54689,1263
E01004643,60047,3083
E01004644,46461,1125
E01004645,52109,1738
E01004646,28887,704
E01004647,40415,1009
E01004648,36739,1117
E01004649,43036,1558
E01004650,41969,1466
E01004651,32921,1332
E01004652,63265,1604
E01004653,46531,899
E01004654,33955,877
E01004656,54479,2103
E01004657,100644,3503
E01004658,132250,5232
E01004659,89214,4331
E01004660,139276,8000
E01004661,127368,4830
E01004662,134571,5674
E01004663,111472,2645
E01004665,85652,1655
E01004666,66251,3531
E01004667,47220,1491
E01004668,85971,1484
E01004669,53636,903
E01004670,91107,4463
E01004674,44766,1352
E01004675,56949,2033
E01004676,43150,1006
E01004677,48253,1215
E01004678,60040,1541
E01004679,75010,2479
E01004680,84631,3520
E01004681,70089,3723
E01004682,118199,5234
E01004683,100857,3083
E01004684,81891,3434
E01004686,100022,4497
E01004687,45721,1417
E01004688,42602,1108
E01004689,50454,1914
E01004690,52319,2012
E01004691,72062,3305
E01004692,47730,1093
E01004693,65701,2002
E01004694,86266,2076
E01004695,96663,2802
E01004696,63694,1749
E01004697,78246,2162
E01004698,74731,1229
E01004699,39984,1096
E01004700,48036,944
E01004701,51645,2284
E01004702,97436,5260
E01004703,61138,2660
E01004705,70777,2831
E01004706,61298,2465
E01004707,47884,1215
E01004708,50954,1710
E01004709,54758,1766
E01004710,48007,2003
E01004711,64961,1836
E01004712,104626,4291
E01004713,93096,3796
E01004714,93761,4310
E01004715,113083,4779
E01004716,97373,5338
E01004717,112012,4776
E01004718,79010,1790
E01004719,57285,1671
E01004720,63850,1287
E01004721,53644,1895
E01004722,52282,1264
E01004723,55588,1251
E01004724,54966,1515
E01004725,75886,3969
E01004726,43418,1257
E01004727,45184,2161
E01004728,107247,4008
E01004729,105341,2934
E01004730,44522,2284
E01004731,67015,3193
E01004732,53659,1633
E01004733,46366,2995
E01004734,107551,6025
E01004735,73180,4526
E01004736,72095,4249
E01004737,67061,4132
E01004738,53276,1708
E01004739,60736,1392
E01004740,75200,2865
E01004741,111932,4629
E01004742,63997,1158
E01004743,61427,1388
E01004744,56922,1346
E01004745,37594,1470
E01004746,55490,1094
E01004747,43743,1500
E01004748,47136,1371
E01004749,49283,2027
E01004750,57186,3007
E01004751,59389,852
E01004752,62350,2334
E01004753,73063,1275
E01004754,97740,3144
E01004755,73931,1809
E01004756,90808,2661
E01004757,99430,3842
E01004760,52163,807
E01004761,99037,4075
E01004762,96824,3842
E01004763,105738,6162
E01004765,103374,5026
E01032512,83395,1583
E01032513,49087,1490
E01032562,31853,590
E01032563,19878,362
E01032564,28897,477
E01032565,34117,805
E01032566,30862,1022
E01032567,39842,924
E01032568,30762,1047
E01032569,43082,1334
E01032570,20249,432
E01032572,54775,1528
E01032573,56633,2410
E01032574,28659,1183
E01032575,71744,2591
E01032576,132874,1736
E01032577,81038,1520
E01032579,59873,3052
E01032580,39497,625
E01032581,36622,906
E01032582,92967,5694
E01032583,65031,3098
E01032584,106419,6025
E01032623,21641,557
E01032637,48777,1622
E01032638,65313,3387
E01032639,48043,1706
E01032640,48295,1655
E01032646,75888,4929
E01032719,71270,3628
E01032720,76799,4505
E01032722,52041,2545
E01032739,72810,6180
E01032740,67145,5120
E01032741,52926,1908
E01032742,49117,956
E01032743,57357,1221
E01032744,49403,1601
E01032764,69551,3250
E01032765,93594,2493
E01032766,60806,1914
E01032767,71507,2557
E01032768,95856,2946
E01032769,69916,3315
E01032770,66261,979
E01032771,63510,4132
E01032772,55906,1878
E01032773,71496,1002
E01032774,46183,1360
E01032775,69205,2333
E01032776,50194,1675
E01032777,97448,3667
E01032778,50065,3162
E01032779,80670,177
E01032780,60206,2980
E01032781,54967,1746
E01032782,62306,2502
E01032783,85903,2618
E01032784,66172,1084
E01032785,98075,5301
E01032786,102709,6218
E01032787,60228,1551
E01032788,36572,1541
E01032789,63149,3231
E01032790,16731,495
E01032803,73206,3447
E01032805,53675,1864
E01032834,62796,2258
E01033000,115988,4347
E01033030,81939,3083
E01033081,37037,1442
E01033082,45969,2295
E01033083,46479,2389
E01033084,49003,1736
E01033085,57224,2812
E01033086,70897,2741
E01033093,48555,2348
E01033098,45952,3145
E01033099,61019,3010
E01033100,33278,1562
E01033101,92051,5597
E01033132,59074,4594
E01033133,67592,3493
E01033135,46432,1440
E01033146,51372,895
E01033148,44297,1289
E01033150,55652,2900
E01033151,26435,522
E01033153,50502,1697
E01033207,80574,3023
E01033208,90617,6732
E01033320,46002,849
E01033322,57466,1469
E01033324,76956,3359
E01033325,42673,1668
E01033327,62105,2924
E01033341,37690,1285
E01033424,51041,2096
E01033455,73307,2370
E01033456,49461,2073
E01033457,59902,2073
E01033463,24147,529
E01033464,33927,528
E01033485,37678,2056
E01033486,61556,2778
E01033487,64533,2071
E01033488,48102,1465
E01033489,48037,1971
E01033490,80164,3506
E01033491,38659,2137
E01033492,41476,1900
E01033493,67450,1010
E01033494,50442,838
E01033568,54195,3266
E01033569,49845,2040
E01033570,42828,1996
E01033571,52712,1791
E01033572,42289,837
E01033573,45073,1346
E01033574,35787,1875
E01033575,51051,1766
E01033576,81904,5400
E01033577,41727,2380
E01033578,78710,4675
E01033579,44740,2368
E01033580,98351,3473
E01033581,28672,1412
E01033582,34685,1970
E01033583,72425,5834
E01033584,69052,2936
E01033585,61270,3087
E01033586,39248,2349
E01033587,55781,3231
E01033588,44661,1022
E01033589,74522,3274
E01033590,51971,992
E01033591,34370,922
E01033592,38817,1176
E01033593,79238,2784
E01033594,68710,2912
E01033595,101975,4437
E01033596,139390,6777
E01033597,81242,2141
E01033598,149013,5557
E01033599,59300,1250
E01033600,106844,3190
E01033601,126949,5557
E01033602,146341,5415
E01033603,108396,5982
E01033604,142488,5218
E01033605,132009,4676
E01033606,62632,1213
E01033607,35244,1206
E01033608,72033,1125
E01033698,46949,996
E01033699,47874,1707
E01033700,70110,2541
E01033701,45456,2191
E01033702,78074,3601
E01033703,54018,2845
E01033704,58124,3027
E01033705,54111,2777
E01033706,56736,2931
E01033707,57303,2533
E01033708,51348,3152
E01033709,86182,3493
E01033710,110134,5240
E01033711,61494,1886
E01033712,56203,2794
E01033713,50462,2473
E01033724,32525,1331
E01033725,33079,1320
E01033726,44380,2361
E01033727,74471,4859
E01033728,88806,4960
E01033729,29514,1216
E01033730,87911,3503
E01033731,49137,2034
E01033732,76417,2524
E01033733,47575,1742
E01033734,45685,2543
E01033735,75263,2511
E01033736,54328,2992
E01033737,75383,3934
E01033738,80281,3490
E01033739,56604,3410
E01033740,68295,4604
E01033741,48441,1502
E01033742,39630,1183
E01033743,32844,2073
E01033744,52096,2127
E01033745,47583,1706
E01033746,75649,2317
